miRNA,sequence,seed
mmu-let-7g-5p,UGAGGUAGUAGUUUGUACAGUU,GAGGUAG
mmu-let-7g-3p,ACUGUACAGGCCACUGCCUUGC,CUGUACA
mmu-let-7i-5p,UGAGGUAGUAGUUUGUGCUGUU,GAGGUAG
mmu-let-7i-3p,CUGCGCAAGCUACUGCCUUGCU,UGCGCAA
mmu-miR-1a-1-5p,ACAUACUUCUUUAUAUGCCCAUA,CAUACUU
mmu-miR-1a-3p,UGGAAUGUAAAGAAGUAUGUAU,GGAAUGU
mmu-miR-15b-5p,UAGCAGCACAUCAUGGUUUACA,AGCAGCA
mmu-miR-15b-3p,CGAAUCAUUAUUUGCUGCUCUA,GAAUCAU
mmu-miR-23b-5p,GGGUUCCUGGCAUGCUGAUUU,GGUUCCU
mmu-miR-23b-3p,AUCACAUUGCCAGGGAUUACC,UCACAUU
mmu-miR-27b-5p,AGAGCUUAGCUGAUUGGUGAAC,GAGCUUA
mmu-miR-27b-3p,UUCACAGUGGCUAAGUUCUGC,UCACAGU
mmu-miR-29b-1-5p,GCUGGUUUCAUAUGGUGGUUUA,CUGGUUU
mmu-miR-29b-3p,UAGCACCAUUUGAAAUCAGUGUU,AGCACCA
mmu-miR-30a-5p,UGUAAACAUCCUCGACUGGAAG,GUAAACA
mmu-miR-30a-3p,CUUUCAGUCGGAUGUUUGCAGC,UUUCAGU
mmu-miR-30b-5p,UGUAAACAUCCUACACUCAGCU,GUAAACA
mmu-miR-30b-3p,CUGGGAUGUGGAUGUUUACGUC,UGGGAUG
mmu-miR-99a-5p,AACCCGUAGAUCCGAUCUUGUG,ACCCGUA
mmu-miR-99a-3p,CAAGCUCGUUUCUAUGGGUCU,AAGCUCG
mmu-miR-99b-5p,CACCCGUAGAACCGACCUUGCG,ACCCGUA
mmu-miR-99b-3p,CAAGCUCGUGUCUGUGGGUCCG,AAGCUCG
mmu-miR-101a-5p,UCAGUUAUCACAGUGCUGAUGC,CAGUUAU
mmu-miR-101a-3p,UACAGUACUGUGAUAACUGAA,ACAGUAC
mmu-miR-124-5p,CGUGUUCACAGCGGACCUUGAU,GUGUUCA
mmu-miR-124-3p,UAAGGCACGCGGUGAAUGCC,AAGGCAC
mmu-miR-125a-5p,UCCCUGAGACCCUUUAACCUGUGA,CCCUGAG
mmu-miR-125a-3p,ACAGGUGAGGUUCUUGGGAGCC,CAGGUGA
mmu-miR-125b-5p,UCCCUGAGACCCUAACUUGUGA,CCCUGAG
mmu-miR-125b-2-3p,ACAAGUCAGGUUCUUGGGACCU,CAAGUCA
mmu-miR-126a-5p,CAUUAUUACUUUUGGUACGCG,AUUAUUA
mmu-miR-126a-3p,UCGUACCGUGAGUAAUAAUGCG,CGUACCG
mmu-miR-127-5p,CUGAAGCUCAGAGGGCUCUGAU,UGAAGCU
mmu-miR-127-3p,UCGGAUCCGUCUGAGCUUGGCU,CGGAUCC
mmu-miR-128-1-5p,CGGGGCCGUAGCACUGUCUGA,GGGGCCG
mmu-miR-128-3p,UCACAGUGAACCGGUCUCUUU,CACAGUG
mmu-miR-130a-5p,GCUCUUUUCACAUUGUGCUACU,CUCUUUU
mmu-miR-130a-3p,CAGUGCAAUGUUAAAAGGGCAU,AGUGCAA
mmu-miR-9-5p,UCUUUGGUUAUCUAGCUGUAUGA,CUUUGGU
mmu-miR-9-3p,AUAAAGCUAGAUAACCGAAAGU,UAAAGCU
mmu-miR-132-5p,AACCGUGGCUUUCGAUUGUUAC,ACCGUGG
mmu-miR-132-3p,UAACAGUCUACAGCCAUGGUCG,AACAGUC
mmu-miR-133a-5p,GCUGGUAAAAUGGAACCAAAU,CUGGUAA
mmu-miR-133a-3p,UUUGGUCCCCUUCAACCAGCUG,UUGGUCC
mmu-miR-134-5p,UGUGACUGGUUGACCAGAGGGG,GUGACUG
mmu-miR-134-3p,CUGUGGGCCACCUAGUCACC,UGUGGGC
mmu-miR-135a-5p,UAUGGCUUUUUAUUCCUAUGUGA,AUGGCUU
mmu-miR-135a-1-3p,UAUAGGGAUUGGAGCCGUGGCG,AUAGGGA
mmu-miR-136-5p,ACUCCAUUUGUUUUGAUGAUGG,CUCCAUU
mmu-miR-136-3p,AUCAUCGUCUCAAAUGAGUCUU,UCAUCGU
mmu-miR-137-5p,ACGGGUAUUCUUGGGUGGAUAAU,CGGGUAU
mmu-miR-137-3p,UUAUUGCUUAAGAAUACGCGUAG,UAUUGCU
mmu-miR-138-5p,AGCUGGUGUUGUGAAUCAGGCCG,GCUGGUG
mmu-miR-138-2-3p,GCUAUUUCACGACACCAGGGU,CUAUUUC
mmu-miR-140-5p,CAGUGGUUUUACCCUAUGGUAG,AGUGGUU
mmu-miR-140-3p,UACCACAGGGUAGAACCACGG,ACCACAG
mmu-miR-141-5p,CAUCUUCCAGUGCAGUGUUGGA,AUCUUCC
mmu-miR-141-3p,UAACACUGUCUGGUAAAGAUGG,AACACUG
mmu-miR-142a-5p,CAUAAAGUAGAAAGCACUACU,AUAAAGU
mmu-miR-142a-3p,UGUAGUGUUUCCUACUUUAUGGA,GUAGUGU
mmu-miR-144-5p,GGAUAUCAUCAUAUACUGUAAGU,GAUAUCA
mmu-miR-144-3p,UACAGUAUAGAUGAUGUACU,ACAGUAU
mmu-miR-145a-5p,GUCCAGUUUUCCCAGGAAUCCCU,UCCAGUU
mmu-miR-145a-3p,AUUCCUGGAAAUACUGUUCUUG,UUCCUGG
mmu-miR-146a-5p,UGAGAACUGAAUUCCAUGGGUU,GAGAACU
mmu-miR-146a-3p,CCUGUGAAAUUCAGUUCUUCAG,CUGUGAA
mmu-miR-149-5p,UCUGGCUCCGUGUCUUCACUCCC,CUGGCUC
mmu-miR-149-3p,GAGGGAGGGACGGGGGCGGUGC,AGGGAGG
mmu-miR-150-5p,UCUCCCAACCCUUGUACCAGUG,CUCCCAA
mmu-miR-150-3p,CUGGUACAGGCCUGGGGGAUAG,UGGUACA
mmu-miR-151-5p,UCGAGGAGCUCACAGUCUAGU,CGAGGAG
mmu-miR-151-3p,CUAGACUGAGGCUCCUUGAGG,UAGACUG
mmu-miR-152-5p,UAGGUUCUGUGAUACACUCCGACU,AGGUUCU
mmu-miR-152-3p,UCAGUGCAUGACAGAACUUGG,CAGUGCA
mmu-miR-153-5p,GUCAUUUUUGUGACGUUGCAGCU,UCAUUUU
mmu-miR-153-3p,UUGCAUAGUCACAAAAGUGAUC,UGCAUAG
mmu-miR-154-5p,UAGGUUAUCCGUGUUGCCUUCG,AGGUUAU
mmu-miR-154-3p,AAUCAUACACGGUUGACCUAUU,AUCAUAC
mmu-miR-155-5p,UUAAUGCUAAUUGUGAUAGGGGU,UAAUGCU
mmu-miR-155-3p,CUCCUACCUGUUAGCAUUAAC,UCCUACC
mmu-miR-10b-5p,UACCCUGUAGAACCGAAUUUGUG,ACCCUGU
mmu-miR-10b-3p,CAGAUUCGAUUCUAGGGGAAUA,AGAUUCG
mmu-miR-129-5p,CUUUUUGCGGUCUGGGCUUGC,UUUUUGC
mmu-miR-129-1-3p,AAGCCCUUACCCCAAAAAGUAU,AGCCCUU
mmu-miR-181a-5p,AACAUUCAACGCUGUCGGUGAGU,ACAUUCA
mmu-miR-181a-2-3p,ACCACCGACCGUUGACUGUACC,CCACCGA
mmu-miR-182-5p,UUUGGCAAUGGUAGAACUCACACCG,UUGGCAA
mmu-miR-182-3p,GUGGUUCUAGACUUGCCAACU,UGGUUCU
mmu-miR-183-5p,UAUGGCACUGGUAGAAUUCACU,AUGGCAC
mmu-miR-183-3p,GUGAAUUACCGAAGGGCCAUAA,UGAAUUA
mmu-miR-184-5p,CCUUAUCACUUUUCCAGCCAGC,CUUAUCA
mmu-miR-184-3p,UGGACGGAGAACUGAUAAGGGU,GGACGGA
mmu-miR-185-5p,UGGAGAGAAAGGCAGUUCCUGA,GGAGAGA
mmu-miR-185-3p,AGGGGCUGGCUUUCCUCUGGU,GGGGCUG
mmu-miR-186-5p,CAAAGAAUUCUCCUUUUGGGCU,AAAGAAU
mmu-miR-186-3p,GCCCUAAGGUGAAUUUUUUGGG,CCCUAAG
mmu-miR-187-5p,AGGCUACAACACAGGACCCGGG,GGCUACA
mmu-miR-187-3p,UCGUGUCUUGUGUUGCAGCCGG,CGUGUCU
mmu-miR-188-5p,CAUCCCUUGCAUGGUGGAGGG,AUCCCUU
mmu-miR-188-3p,CUCCCACAUGCAGGGUUUGCA,UCCCACA
mmu-miR-24-1-5p,GUGCCUACUGAGCUGAUAUCAGU,UGCCUAC
mmu-miR-24-3p,UGGCUCAGUUCAGCAGGAACAG,GGCUCAG
mmu-miR-190a-5p,UGAUAUGUUUGAUAUAUUAGGU,GAUAUGU
mmu-miR-190a-3p,ACUAUAUAUCAAGCAUAUUCCU,CUAUAUA
mmu-miR-191-5p,CAACGGAAUCCCAAAAGCAGCUG,AACGGAA
mmu-miR-191-3p,GCUGCACUUGGAUUUCGUUCCC,CUGCACU
mmu-miR-193a-5p,UGGGUCUUUGCGGGCAAGAUGA,GGGUCUU
mmu-miR-193a-3p,AACUGGCCUACAAAGUCCCAGU,ACUGGCC
mmu-miR-194-5p,UGUAACAGCAACUCCAUGUGGA,GUAACAG
mmu-miR-194-1-3p,CCAGUGGAGCUGCUGUUACUUC,CAGUGGA
mmu-miR-195a-5p,UAGCAGCACAGAAAUAUUGGC,AGCAGCA
mmu-miR-195a-3p,CCAAUAUUGGCUGUGCUGCUCC,CAAUAUU
mmu-miR-199a-5p,CCCAGUGUUCAGACUACCUGUUC,CCAGUGU
mmu-miR-199a-3p,ACAGUAGUCUGCACAUUGGUUA,CAGUAGU
mmu-miR-200b-5p,CAUCUUACUGGGCAGCAUUGGA,AUCUUAC
mmu-miR-200b-3p,UAAUACUGCCUGGUAAUGAUGA,AAUACUG
mmu-miR-201-5p,UACUCAGUAAGGCAUUGUUCUU,ACUCAGU
mmu-miR-201-3p,UGAACAGUGCCUUUCUGUGUAGG,GAACAGU
mmu-miR-202-5p,UUCCUAUGCAUAUACUUCUUU,UCCUAUG
mmu-miR-202-3p,AGAGGUAUAGCGCAUGGGAAGA,GAGGUAU
mmu-miR-203-5p,AGUGGUUCUUGACAGUUCAACA,GUGGUUC
mmu-miR-203-3p,GUGAAAUGUUUAGGACCACUAG,UGAAAUG
mmu-miR-204-5p,UUCCCUUUGUCAUCCUAUGCCU,UCCCUUU
mmu-miR-204-3p,GCUGGGAAGGCAAAGGGACGU,CUGGGAA
mmu-miR-205-5p,UCCUUCAUUCCACCGGAGUCUG,CCUUCAU
mmu-miR-205-3p,GAUUUCAGUGGAGUGAAGCUCA,AUUUCAG
mmu-miR-206-5p,ACAUGCUUCUUUAUAUCCUCAUA,CAUGCUU
mmu-miR-206-3p,UGGAAUGUAAGGAAGUGUGUGG,GGAAUGU
mmu-miR-207,GCUUCUCCUGGCUCUCCUCCCUC,CUUCUCC
mmu-miR-122-5p,UGGAGUGUGACAAUGGUGUUUG,GGAGUGU
mmu-miR-122-3p,AAACGCCAUUAUCACACUAAAU,AACGCCA
mmu-miR-143-5p,GGUGCAGUGCUGCAUCUCUGG,GUGCAGU
mmu-miR-143-3p,UGAGAUGAAGCACUGUAGCUC,GAGAUGA
mmu-miR-30e-5p,UGUAAACAUCCUUGACUGGAAG,GUAAACA
mmu-miR-30e-3p,CUUUCAGUCGGAUGUUUACAGC,UUUCAGU
mmu-miR-290a-5p,ACUCAAACUAUGGGGGCACUUU,CUCAAAC
mmu-miR-290a-3p,AAAGUGCCGCCUAGUUUUAAGCCC,AAGUGCC
mmu-miR-291a-5p,CAUCAAAGUGGAGGCCCUCUCU,AUCAAAG
mmu-miR-291a-3p,AAAGUGCUUCCACUUUGUGUGC,AAGUGCU
mmu-miR-292a-5p,ACUCAAACUGGGGGCUCUUUUG,CUCAAAC
mmu-miR-292a-3p,AAAGUGCCGCCAGGUUUUGAGUGU,AAGUGCC
mmu-miR-293-5p,ACUCAAACUGUGUGACAUUUUG,CUCAAAC
mmu-miR-293-3p,AGUGCCGCAGAGUUUGUAGUGU,GUGCCGC
mmu-miR-294-5p,ACUCAAAAUGGAGGCCCUAUCU,CUCAAAA
mmu-miR-294-3p,AAAGUGCUUCCCUUUUGUGUGU,AAGUGCU
mmu-miR-295-5p,ACUCAAAUGUGGGGCACACUUC,CUCAAAU
mmu-miR-295-3p,AAAGUGCUACUACUUUUGAGUCU,AAGUGCU
mmu-miR-296-5p,AGGGCCCCCCCUCAAUCCUGU,GGGCCCC
mmu-miR-296-3p,GAGGGUUGGGUGGAGGCUCUCC,AGGGUUG
mmu-miR-297a-5p,AUGUAUGUGUGCAUGUGCAUGU,UGUAUGU
mmu-miR-298-5p,GGCAGAGGAGGGCUGUUCUUCCC,GCAGAGG
mmu-miR-298-3p,GAGGAACUAGCCUUCUCUCAGCUU,AGGAACU
mmu-miR-299a-5p,UGGUUUACCGUCCCACAUACAU,GGUUUAC
mmu-miR-299a-3p,UAUGUGGGACGGUAAACCGCUU,AUGUGGG
mmu-miR-300-5p,UUGAAGAGAGGUUAUCCUUUGU,UGAAGAG
mmu-miR-300-3p,UAUGCAAGGGCAAGCUCUCUUC,AUGCAAG
mmu-miR-301a-5p,GCUCUGACUUUAUUGCACUACU,CUCUGAC
mmu-miR-301a-3p,CAGUGCAAUAGUAUUGUCAAAGC,AGUGCAA
mmu-miR-302a-5p,ACUUAAACGUGGUUGUACUUGC,CUUAAAC
mmu-miR-302a-3p,UAAGUGCUUCCAUGUUUUGGUGA,AAGUGCU
mmu-miR-34c-5p,AGGCAGUGUAGUUAGCUGAUUGC,GGCAGUG
mmu-miR-34c-3p,AAUCACUAACCACACAGCCAGG,AUCACUA
mmu-miR-34b-5p,AGGCAGUGUAAUUAGCUGAUUGU,GGCAGUG
mmu-miR-34b-3p,AAUCACUAACUCCACUGCCAUC,AUCACUA
mmu-let-7d-5p,AGAGGUAGUAGGUUGCAUAGUU,GAGGUAG
mmu-let-7d-3p,CUAUACGACCUGCUGCCUUUCU,UAUACGA
mmu-miR-106a-5p,CAAAGUGCUAACAGUGCAGGUAG,AAAGUGC
mmu-miR-106a-3p,ACUGCAGUGCCAGCACUUCUUAC,CUGCAGU
mmu-miR-106b-5p,UAAAGUGCUGACAGUGCAGAU,AAAGUGC
mmu-miR-106b-3p,CCGCACUGUGGGUACUUGCUGC,CGCACUG
mmu-miR-130b-5p,ACUCUUUCCCUGUUGCACUACU,CUCUUUC
mmu-miR-130b-3p,CAGUGCAAUGAUGAAAGGGCAU,AGUGCAA
mmu-miR-19b-2-5p,AGUUUUGCAGAUUUGCAGUUCAGC,GUUUUGC
mmu-miR-19b-3p,UGUGCAAAUCCAUGCAAAACUGA,GUGCAAA
mmu-miR-30c-5p,UGUAAACAUCCUACACUCUCAGC,GUAAACA
mmu-miR-30c-1-3p,CUGGGAGAGGGUUGUUUACUCC,UGGGAGA
mmu-miR-30c-2-3p,CUGGGAGAAGGCUGUUUACUCU,UGGGAGA
mmu-miR-30d-5p,UGUAAACAUCCCCGACUGGAAG,GUAAACA
mmu-miR-30d-3p,CUUUCAGUCAGAUGUUUGCUGC,UUUCAGU
mmu-miR-148a-5p,AAAGUUCUGAGACACUCCGACU,AAGUUCU
mmu-miR-148a-3p,UCAGUGCACUACAGAACUUUGU,CAGUGCA
mmu-miR-192-5p,CUGACCUAUGAAUUGACAGCC,UGACCUA
mmu-miR-192-3p,CUGCCAAUUCCAUAGGUCACAG,UGCCAAU
mmu-miR-196a-5p,UAGGUAGUUUCAUGUUGUUGGG,AGGUAGU
mmu-miR-196a-1-3p,CAACGACAUCAAACCACCUGAU,AACGACA
mmu-miR-196a-2-3p,UCGGCAACAAGAAACUGCCUGA,CGGCAAC
mmu-miR-200a-5p,CAUCUUACCGGACAGUGCUGGA,AUCUUAC
mmu-miR-200a-3p,UAACACUGUCUGGUAACGAUGU,AACACUG
mmu-miR-208a-5p,GAGCUUUUGGCCCGGGUUAUAC,AGCUUUU
mmu-miR-208a-3p,AUAAGACGAGCAAAAAGCUUGU,UAAGACG
mmu-let-7a-5p,UGAGGUAGUAGGUUGUAUAGUU,GAGGUAG
mmu-let-7a-1-3p,CUAUACAAUCUACUGUCUUUCC,UAUACAA
mmu-let-7a-2-3p,CUGUACAGCCUCCUAGCUUUC,UGUACAG
mmu-let-7b-5p,UGAGGUAGUAGGUUGUGUGGUU,GAGGUAG
mmu-let-7b-3p,CUAUACAACCUACUGCCUUCCC,UAUACAA
mmu-let-7c-5p,UGAGGUAGUAGGUUGUAUGGUU,GAGGUAG
mmu-let-7c-1-3p,CUGUACAACCUUCUAGCUUUCC,UGUACAA
mmu-let-7c-2-3p,CUAUACAAUCUACUGUCUUUCC,UAUACAA
mmu-let-7e-5p,UGAGGUAGGAGGUUGUAUAGUU,GAGGUAG
mmu-let-7e-3p,CUAUACGGCCUCCUAGCUUUCC,UAUACGG
mmu-let-7f-5p,UGAGGUAGUAGAUUGUAUAGUU,GAGGUAG
mmu-let-7f-1-3p,CUAUACAAUCUAUUGCCUUCCC,UAUACAA
mmu-let-7f-2-3p,CUAUACAGUCUACUGUCUUUC,UAUACAG
mmu-miR-15a-5p,UAGCAGCACAUAAUGGUUUGUG,AGCAGCA
mmu-miR-15a-3p,CAGGCCAUACUGUGCUGCCUCA,AGGCCAU
mmu-miR-16-5p,UAGCAGCACGUAAAUAUUGGCG,AGCAGCA
mmu-miR-16-1-3p,CCAGUAUUGACUGUGCUGCUGA,CAGUAUU
mmu-miR-16-2-3p,ACCAAUAUUAUUGUGCUGCUUU,CCAAUAU
mmu-miR-18a-5p,UAAGGUGCAUCUAGUGCAGAUAG,AAGGUGC
mmu-miR-18a-3p,ACUGCCCUAAGUGCUCCUUCUG,CUGCCCU
mmu-miR-20a-5p,UAAAGUGCUUAUAGUGCAGGUAG,AAAGUGC
mmu-miR-20a-3p,ACUGCAUUACGAGCACUUAAAG,CUGCAUU
mmu-miR-21a-5p,UAGCUUAUCAGACUGAUGUUGA,AGCUUAU
mmu-miR-21a-3p,CAACAGCAGUCGAUGGGCUGUC,AACAGCA
mmu-miR-22-5p,AGUUCUUCAGUGGCAAGCUUUA,GUUCUUC
mmu-miR-22-3p,AAGCUGCCAGUUGAAGAACUGU,AGCUGCC
mmu-miR-23a-5p,GGGGUUCCUGGGGAUGGGAUUU,GGGUUCC
mmu-miR-23a-3p,AUCACAUUGCCAGGGAUUUCC,UCACAUU
mmu-miR-24-2-5p,GUGCCUACUGAGCUGAAACAGU,UGCCUAC
mmu-miR-26a-5p,UUCAAGUAAUCCAGGAUAGGCU,UCAAGUA
mmu-miR-26a-1-3p,CCUAUUCUUGGUUACUUGCACG,CUAUUCU
mmu-miR-26b-5p,UUCAAGUAAUUCAGGAUAGGU,UCAAGUA
mmu-miR-26b-3p,CCUGUUCUCCAUUACUUGGCUC,CUGUUCU
mmu-miR-29a-5p,ACUGAUUUCUUUUGGUGUUCAG,CUGAUUU
mmu-miR-29a-3p,UAGCACCAUCUGAAAUCGGUUA,AGCACCA
mmu-miR-29c-5p,UGACCGAUUUCUCCUGGUGUUC,GACCGAU
mmu-miR-29c-3p,UAGCACCAUUUGAAAUCGGUUA,AGCACCA
mmu-miR-27a-5p,AGGGCUUAGCUGCUUGUGAGCA,GGGCUUA
mmu-miR-27a-3p,UUCACAGUGGCUAAGUUCCGC,UCACAGU
mmu-miR-31-5p,AGGCAAGAUGCUGGCAUAGCUG,GGCAAGA
mmu-miR-31-3p,UGCUAUGCCAACAUAUUGCCAUC,GCUAUGC
mmu-miR-92a-2-5p,AGGUGGGGAUUGGUGGCAUUAC,GGUGGGG
mmu-miR-92a-3p,UAUUGCACUUGUCCCGGCCUG,AUUGCAC
mmu-miR-93-5p,CAAAGUGCUGUUCGUGCAGGUAG,AAAGUGC
mmu-miR-93-3p,ACUGCUGAGCUAGCACUUCCCG,CUGCUGA
mmu-miR-96-5p,UUUGGCACUAGCACAUUUUUGCU,UUGGCAC
mmu-miR-96-3p,CAAUCAUGUGUAGUGCCAAUAU,AAUCAUG
mmu-miR-34a-5p,UGGCAGUGUCUUAGCUGGUUGU,GGCAGUG
mmu-miR-34a-3p,AAUCAGCAAGUAUACUGCCCU,AUCAGCA
mmu-miR-129-2-3p,AAGCCCUUACCCCAAAAAGCAU,AGCCCUU
mmu-miR-98-5p,UGAGGUAGUAAGUUGUAUUGUU,GAGGUAG
mmu-miR-98-3p,CUAUACAACUUACUACUUUCCU,UAUACAA
mmu-miR-103-1-5p,GGCUUCUUUACAGUGCUGCCUUG,GCUUCUU
mmu-miR-103-3p,AGCAGCAUUGUACAGGGCUAUGA,GCAGCAU
mmu-miR-103-2-5p,AGCUUCUUUACAGUGCUGCCUUG,GCUUCUU
mmu-miR-322-5p,CAGCAGCAAUUCAUGUUUUGGA,AGCAGCA
mmu-miR-322-3p,AAACAUGAAGCGCUGCAACAC,AACAUGA
mmu-miR-323-5p,AGGUGGUCCGUGGCGCGUUCGC,GGUGGUC
mmu-miR-323-3p,CACAUUACACGGUCGACCUCU,ACAUUAC
mmu-miR-324-5p,CGCAUCCCCUAGGGCAUUGGUGU,GCAUCCC
mmu-miR-324-3p,CCACUGCCCCAGGUGCUGCU,CACUGCC
mmu-miR-325-5p,CCUAGUAGGUGCUCAGUAAGUGU,CUAGUAG
mmu-miR-325-3p,UUUAUUGAGCACCUCCUAUCAA,UUAUUGA
mmu-miR-326-5p,GGGGGCAGGGCCUUUGUGAAGGCG,GGGGCAG
mmu-miR-326-3p,CCUCUGGGCCCUUCCUCCAGU,CUCUGGG
mmu-miR-328-5p,GGGGGGCAGGAGGGGCUCAGGG,GGGGGCA
mmu-miR-328-3p,CUGGCCCUCUCUGCCCUUCCGU,UGGCCCU
mmu-miR-329-5p,AGAGGUUUUCUGGGUCUCUGUU,GAGGUUU
mmu-miR-329-3p,AACACACCCAGCUAACCUUUUU,ACACACC
mmu-miR-330-5p,UCUCUGGGCCUGUGUCUUAGGC,CUCUGGG
mmu-miR-330-3p,GCAAAGCACAGGGCCUGCAGAGA,CAAAGCA
mmu-miR-331-5p,CUAGGUAUGGUCCCAGGGAUCC,UAGGUAU
mmu-miR-331-3p,GCCCCUGGGCCUAUCCUAGAA,CCCCUGG
mmu-miR-337-5p,CGGCGUCAUGCAGGAGUUGAUU,GGCGUCA
mmu-miR-337-3p,UCAGCUCCUAUAUGAUGCCUUU,CAGCUCC
mmu-miR-148b-5p,GAAGUUCUGUUAUACACUCAGGCU,AAGUUCU
mmu-miR-148b-3p,UCAGUGCAUCACAGAACUUUGU,CAGUGCA
mmu-miR-338-5p,AACAAUAUCCUGGUGCUGAGUG,ACAAUAU
mmu-miR-338-3p,UCCAGCAUCAGUGAUUUUGUUG,CCAGCAU
mmu-miR-339-5p,UCCCUGUCCUCCAGGAGCUCACG,CCCUGUC
mmu-miR-339-3p,UGAGCGCCUCGGCGACAGAGCCG,GAGCGCC
mmu-miR-340-5p,UUAUAAAGCAAUGAGACUGAUU,UAUAAAG
mmu-miR-340-3p,UCCGUCUCAGUUACUUUAUAGC,CCGUCUC
mmu-miR-341-5p,CGGUCGGCCGAUCGCUCGGUC,GGUCGGC
mmu-miR-341-3p,UCGGUCGAUCGGUCGGUCGGU,CGGUCGA
mmu-miR-342-5p,AGGGGUGCUAUCUGUGAUUGAG,GGGGUGC
mmu-miR-342-3p,UCUCACACAGAAAUCGCACCCGU,CUCACAC
mmu-miR-344-5p,AGUCAGGCUCCUGGCUAGAUUCCAGG,GUCAGGC
mmu-miR-344-3p,UGAUCUAGCCAAAGCCUGACUGU,GAUCUAG
mmu-miR-345-5p,GCUGACCCCUAGUCCAGUGCUU,CUGACCC
mmu-miR-345-3p,CCUGAACUAGGGGUCUGGAGAC,CUGAACU
mmu-miR-346-5p,UGUCUGCCCGAGUGCCUGCCUCU,GUCUGCC
mmu-miR-346-3p,AGGCAGGGGCUGGGCCUGCAGC,GGCAGGG
mmu-miR-350-5p,AAAGUGCAUGCGCUUUGGG,AAGUGCA
mmu-miR-350-3p,UUCACAAAGCCCAUACACUUUC,UCACAAA
mmu-miR-351-5p,UCCCUGAGGAGCCCUUUGAGCCUG,CCCUGAG
mmu-miR-351-3p,GGUCAAGAGGCGCCUGGGAAC,GUCAAGA
mmu-miR-135b-5p,UAUGGCUUUUCAUUCCUAUGUGA,AUGGCUU
mmu-miR-135b-3p,AUGUAGGGCUAAAAGCCAUGGG,UGUAGGG
mmu-miR-101b-5p,UCGGUUAUCAUGGUACCGAUGCU,CGGUUAU
mmu-miR-101b-3p,GUACAGUACUGUGAUAGCU,UACAGUA
mmu-miR-1a-2-5p,ACAUACUUCUUUAUGUACCCAUA,CAUACUU
mmu-miR-107-5p,AGCUUCUUUACAGUGUUGCCUUG,GCUUCUU
mmu-miR-107-3p,AGCAGCAUUGUACAGGGCUAUCA,GCAGCAU
mmu-miR-10a-5p,UACCCUGUAGAUCCGAAUUUGUG,ACCCUGU
mmu-miR-10a-3p,CAAAUUCGUAUCUAGGGGAAUA,AAAUUCG
mmu-miR-17-5p,CAAAGUGCUUACAGUGCAGGUAG,AAAGUGC
mmu-miR-17-3p,ACUGCAGUGAGGGCACUUGUAG,CUGCAGU
mmu-miR-19a-5p,UAGUUUUGCAUAGUUGCACUAC,AGUUUUG
mmu-miR-19a-3p,UGUGCAAAUCUAUGCAAAACUGA,GUGCAAA
mmu-miR-25-5p,AGGCGGAGACUUGGGCAAUUGC,GGCGGAG
mmu-miR-25-3p,CAUUGCACUUGUCUCGGUCUGA,AUUGCAC
mmu-miR-28a-5p,AAGGAGCUCACAGUCUAUUGAG,AGGAGCU
mmu-miR-28a-3p,CACUAGAUUGUGAGCUGCUGGA,ACUAGAU
mmu-miR-32-5p,UAUUGCACAUUACUAAGUUGCA,AUUGCAC
mmu-miR-32-3p,CAAUUUAGUGUGUGUGAUAUU,AAUUUAG
mmu-miR-100-5p,AACCCGUAGAUCCGAACUUGUG,ACCCGUA
mmu-miR-100-3p,ACAAGCUUGUGUCUAUAGGUAU,CAAGCUU
mmu-miR-139-5p,UCUACAGUGCACGUGUCUCCAG,CUACAGU
mmu-miR-139-3p,UGGAGACGCGGCCCUGUUGGAG,GGAGACG
mmu-miR-200c-5p,CGUCUUACCCAGCAGUGUUUGG,GUCUUAC
mmu-miR-200c-3p,UAAUACUGCCGGGUAAUGAUGGA,AAUACUG
mmu-miR-210-5p,AGCCACUGCCCACCGCACACUG,GCCACUG
mmu-miR-210-3p,CUGUGCGUGUGACAGCGGCUGA,UGUGCGU
mmu-miR-212-5p,ACCUUGGCUCUAGACUGCUUACU,CCUUGGC
mmu-miR-212-3p,UAACAGUCUCCAGUCACGGCCA,AACAGUC
mmu-miR-181a-1-3p,ACCAUCGACCGUUGAUUGUACC,CCAUCGA
mmu-miR-214-5p,UGCCUGUCUACACUUGCUGUGC,GCCUGUC
mmu-miR-214-3p,ACAGCAGGCACAGACAGGCAGU,CAGCAGG
mmu-miR-216a-5p,UAAUCUCAGCUGGCAACUGUGA,AAUCUCA
mmu-miR-216a-3p,CACAGUGGUCUCUGGGAUUAUG,ACAGUGG
mmu-miR-218-5p,UUGUGCUUGAUCUAACCAUGU,UGUGCUU
mmu-miR-218-1-3p,AAACAUGGUUCCGUCAAGCACC,AACAUGG
mmu-miR-218-2-3p,CAUGGUUCUGUCAAGCACCGCG,AUGGUUC
mmu-miR-219a-5p,UGAUUGUCCAAACGCAAUUCU,GAUUGUC
mmu-miR-219a-1-3p,AGAGUUGCGUCUGGACGUCCCG,GAGUUGC
mmu-miR-223-5p,CGUGUAUUUGACAAGCUGAGUUG,GUGUAUU
mmu-miR-223-3p,UGUCAGUUUGUCAAAUACCCCA,GUCAGUU
mmu-miR-320-5p,GCCUUCUCUUCCCGGUUCUUCC,CCUUCUC
mmu-miR-320-3p,AAAAGCUGGGUUGAGAGGGCGA,AAAGCUG
mmu-miR-26a-2-3p,CCUGUUCUUGAUUACUUGUUUC,CUGUUCU
mmu-miR-33-5p,GUGCAUUGUAGUUGCAUUGCA,UGCAUUG
mmu-miR-33-3p,CAAUGUUUCCACAGUGCAUCAC,AAUGUUU
mmu-miR-211-5p,UUCCCUUUGUCAUCCUUUGCCU,UCCCUUU
mmu-miR-211-3p,GCAAGGACAGCAAAGGGGGGC,CAAGGAC
mmu-miR-221-5p,ACCUGGCAUACAAUGUAGAUUUCUGU,CCUGGCA
mmu-miR-221-3p,AGCUACAUUGUCUGCUGGGUUUC,GCUACAU
mmu-miR-222-5p,CUCAGUAGCCAGUGUAGAUCC,UCAGUAG
mmu-miR-222-3p,AGCUACAUCUGGCUACUGGGUCU,GCUACAU
mmu-miR-224-5p,UAAGUCACUAGUGGUUCCGUU,AAGUCAC
mmu-miR-224-3p,AAAUGGUGCCCUAGUGACUACA,AAUGGUG
mmu-miR-29b-2-5p,CUGGUUUCACAUGGUGGCUUAGAUU,UGGUUUC
mmu-miR-199b-5p,CCCAGUGUUUAGACUACCUGUUC,CCAGUGU
mmu-miR-199b-3p,ACAGUAGUCUGCACAUUGGUUA,CAGUAGU
mmu-miR-135a-2-3p,UGUAGGGAUGGAAGCCAUGAA,GUAGGGA
mmu-miR-19b-1-5p,AGUUUUGCAGGUUUGCAUCCAGC,GUUUUGC
mmu-miR-92a-1-5p,AGGUUGGGAUUUGUCGCAAUGCU,GGUUGGG
mmu-miR-138-1-3p,CGGCUACUUCACAACACCAGGG,GGCUACU
mmu-miR-181b-5p,AACAUUCAUUGCUGUCGGUGGGUU,ACAUUCA
mmu-miR-181b-1-3p,CUCACUGAACAAUGAAUGCAA,UCACUGA
mmu-miR-181c-5p,AACAUUCAACCUGUCGGUGAGU,ACAUUCA
mmu-miR-181c-3p,ACCAUCGACCGUUGAGUGGACC,CCAUCGA
mmu-miR-125b-1-3p,ACGGGUUAGGCUCUUGGGAGCU,CGGGUUA
mmu-miR-128-2-5p,GGGGGCCGAUGCACUGUAAGAGA,GGGGCCG
mmu-miR-7a-5p,UGGAAGACUAGUGAUUUUGUUGU,GGAAGAC
mmu-miR-7a-1-3p,CAACAAAUCACAGUCUGCCAUA,AACAAAU
mmu-miR-7a-2-3p,CAACAAGUCCCAGUCUGCCACA,AACAAGU
mmu-miR-7b-5p,UGGAAGACUUGUGAUUUUGUUGUU,GGAAGAC
mmu-miR-7b-3p,CAACAAGUCACAGCCAGCCUCA,AACAAGU
mmu-miR-217-5p,UACUGCAUCAGGAACUGACUGGA,ACUGCAU
mmu-miR-217-3p,CAUCAGUUCCUAAUGCAUUGCCU,AUCAGUU
mmu-miR-194-2-3p,CCAGUGGGGCUGCUGUUAUCUG,CAGUGGG
mmu-miR-219a-2-3p,AGAAUUGUGGCUGGACAUCUGU,GAAUUGU
mmu-miR-361-5p,UUAUCAGAAUCUCCAGGGGUAC,UAUCAGA
mmu-miR-361-3p,UCCCCCAGGUGUGAUUCUGAUUUGU,CCCCCAG
mmu-miR-362-5p,AAUCCUUGGAACCUAGGUGUGAAU,AUCCUUG
mmu-miR-362-3p,AACACACCUGUUCAAGGAUUCA,ACACACC
mmu-miR-363-5p,CAGGUGGAACACGAUGCAAUUU,AGGUGGA
mmu-miR-363-3p,AAUUGCACGGUAUCCAUCUGUA,AUUGCAC
mmu-miR-365-1-5p,AGGGACUUUUGGGGGCAGAUGUG,GGGACUU
mmu-miR-365-3p,UAAUGCCCCUAAAAAUCCUUAU,AAUGCCC
mmu-miR-375-5p,GCGACGAGCCCCUCGCACAAAC,CGACGAG
mmu-miR-375-3p,UUUGUUCGUUCGGCUCGCGUGA,UUGUUCG
mmu-miR-376a-5p,GGUAGAUUCUCCUUCUAUGAGU,GUAGAUU
mmu-miR-376a-3p,AUCGUAGAGGAAAAUCCACGU,UCGUAGA
mmu-miR-377-5p,AGAGGUUGCCCUUGGUGAAUUC,GAGGUUG
mmu-miR-377-3p,AUCACACAAAGGCAACUUUUGU,UCACACA
mmu-miR-378a-5p,CUCCUGACUCCAGGUCCUGUGU,UCCUGAC
mmu-miR-378a-3p,ACUGGACUUGGAGUCAGAAGG,CUGGACU
mmu-miR-379-5p,UGGUAGACUAUGGAACGUAGG,GGUAGAC
mmu-miR-379-3p,UAUGUAACAUGGUCCACUAACU,AUGUAAC
mmu-miR-380-5p,AUGGUUGACCAUAGAACAUGCG,UGGUUGA
mmu-miR-380-3p,UAUGUAGUAUGGUCCACAUCUU,AUGUAGU
mmu-miR-381-5p,AGCGAGGUUGCCCUUUGUAUAUU,GCGAGGU
mmu-miR-381-3p,UAUACAAGGGCAAGCUCUCUGU,AUACAAG
mmu-miR-382-5p,GAAGUUGUUCGUGGUGGAUUCG,AAGUUGU
mmu-miR-382-3p,UCAUUCACGGACAACACUUUUU,CAUUCAC
mmu-miR-383-5p,AGAUCAGAAGGUGACUGUGGCU,GAUCAGA
mmu-miR-383-3p,CCACAGCACUGCCUGGUCAGA,CACAGCA
mmu-miR-335-5p,UCAAGAGCAAUAACGAAAAAUGU,CAAGAGC
mmu-miR-335-3p,UUUUUCAUUAUUGCUCCUGACC,UUUUCAU
mmu-miR-133b-5p,GCUGGUCAAACGGAACCAAGUC,CUGGUCA
mmu-miR-133b-3p,UUUGGUCCCCUUCAACCAGCUA,UUGGUCC
mmu-miR-181b-2-3p,CUCACUGAUCAAUGAAUGCAAA,UCACUGA
mmu-miR-215-5p,AUGACCUAUGAUUUGACAGAC,UGACCUA
mmu-miR-215-3p,UCUGUCAUUCUGUAGGCCAAU,CUGUCAU
mmu-miR-384-5p,UGUAAACAAUUCCUAGGCAAUGU,GUAAACA
mmu-miR-384-3p,AUUCCUAGAAAUUGUUCACAAU,UUCCUAG
mmu-miR-196b-5p,UAGGUAGUUUCCUGUUGUUGGG,AGGUAGU
mmu-miR-196b-3p,UCGACAGCACGACACUGCCUUC,CGACAGC
mmu-miR-409-5p,AGGUUACCCGAGCAACUUUGCAU,GGUUACC
mmu-miR-409-3p,GAAUGUUGCUCGGUGAACCCCU,AAUGUUG
mmu-miR-410-5p,AGGUUGUCUGUGAUGAGUUCG,GGUUGUC
mmu-miR-410-3p,AAUAUAACACAGAUGGCCUGU,AUAUAAC
mmu-miR-376b-5p,GUGGAUAUUCCUUCUAUGGUUA,UGGAUAU
mmu-miR-376b-3p,AUCAUAGAGGAACAUCCACUU,UCAUAGA
mmu-miR-411-5p,UAGUAGACCGUAUAGCGUACG,AGUAGAC
mmu-miR-411-3p,UAUGUAACACGGUCCACUAACC,AUGUAAC
mmu-miR-412-5p,UGGUCGACCAGCUGGAAAGUAAU,GGUCGAC
mmu-miR-412-3p,UUCACCUGGUCCACUAGCCG,UCACCUG
mmu-miR-370-5p,CAGGUCACGUCUCUGCAGUU,AGGUCAC
mmu-miR-370-3p,GCCUGCUGGGGUGGAACCUGGU,CCUGCUG
mmu-miR-425-5p,AAUGACACGAUCACUCCCGUUGA,AUGACAC
mmu-miR-425-3p,AUCGGGAAUGUCGUGUCCGCC,UCGGGAA
mmu-miR-431-5p,UGUCUUGCAGGCCGUCAUGCA,GUCUUGC
mmu-miR-431-3p,CAGGUCGUCUUGCAGGGCUUCU,AGGUCGU
mmu-miR-433-5p,UACGGUGAGCCUGUCAUUAUUC,ACGGUGA
mmu-miR-433-3p,AUCAUGAUGGGCUCCUCGGUGU,UCAUGAU
mmu-miR-434-5p,GCUCGACUCAUGGUUUGAACCA,CUCGACU
mmu-miR-434-3p,UUUGAACCAUCACUCGACUCCU,UUGAACC
mmu-miR-448-5p,GAACAUCCUGCAUAGUGCUGCC,AACAUCC
mmu-miR-448-3p,UUGCAUAUGUAGGAUGUCCCAU,UGCAUAU
mmu-miR-429-5p,GUCUUACCAGACAUGGUUAGA,UCUUACC
mmu-miR-429-3p,UAAUACUGUCUGGUAAUGCCGU,AAUACUG
mmu-miR-365-2-5p,AGGGACUUUCAGGGGCAGCUGUG,GGGACUU
mmu-miR-449a-5p,UGGCAGUGUAUUGUUAGCUGGU,GGCAGUG
mmu-miR-449a-3p,CAGCUAACAUGCGACUGCUCUC,AGCUAAC
mmu-miR-450a-5p,UUUUGCGAUGUGUUCCUAAUAU,UUUGCGA
mmu-miR-450a-1-3p,AUUGGGAACAUUUUGCAUAAAU,UUGGGAA
mmu-miR-451a,AAACCGUUACCAUUACUGAGUU,AACCGUU
mmu-miR-452-5p,UGUUUGCAGAGGAAACUGAGAC,GUUUGCA
mmu-miR-452-3p,UCAGUCUCAUCUGCAAAGAGGU,CAGUCUC
mmu-miR-463-5p,UACCUAAUUUGUUGUCCAUCAU,ACCUAAU
mmu-miR-463-3p,UGAUAGACACCAUAUAAGGUAG,GAUAGAC
mmu-miR-465a-5p,UAUUUAGAAUGGCACUGAUGUGA,AUUUAGA
mmu-miR-465a-3p,GAUCAGGGCCUUUCUAAGUAGA,AUCAGGG
mmu-miR-466a-5p,UAUGUGUGUGUACAUGUACAUA,AUGUGUG
mmu-miR-466a-3p,UAUACAUACACGCACACAUAAGA,AUACAUA
mmu-miR-467a-5p,UAAGUGCCUGCAUGUAUAUGCG,AAGUGCC
mmu-miR-467a-3p,CAUAUACAUACACACACCUACA,AUAUACA
mmu-miR-468-5p,GACUGAUGUACUGAUAAGAAACUCAGU,ACUGAUG
mmu-miR-468-3p,UAUGACUGAUGUGCGUGUGUCUG,AUGACUG
mmu-miR-470-5p,UUCUUGGACUGGCACUGGUGAGU,UCUUGGA
mmu-miR-470-3p,AACCAGUACCUUUCUGAGAAGA,ACCAGUA
mmu-miR-471-5p,UACGUAGUAUAGUGCUUUUCAC,ACGUAGU
mmu-miR-471-3p,UGAAAGGUGCCAUACUAUGUAU,GAAAGGU
mmu-miR-532-5p,CAUGCCUUGAGUGUAGGACCGU,AUGCCUU
mmu-miR-532-3p,CCUCCCACACCCAAGGCUUGCA,CUCCCAC
mmu-miR-489-5p,UGUCAUAUGUGUGAUGACACUUUCU,GUCAUAU
mmu-miR-489-3p,AAUGACACCACAUAUAUGGCAGC,AUGACAC
mmu-miR-483-5p,AAGACGGGAGAAGAGAAGGGAG,AGACGGG
mmu-miR-483-3p,UCACUCCUCCCCUCCCGUCUU,CACUCCU
mmu-miR-484,UCAGGCUCAGUCCCCUCCCGAU,CAGGCUC
mmu-miR-485-5p,AGAGGCUGGCCGUGAUGAAUUC,GAGGCUG
mmu-miR-485-3p,AGUCAUACACGGCUCUCCUCUC,GUCAUAC
mmu-miR-486a-5p,UCCUGUACUGAGCUGCCCCGAG,CCUGUAC
mmu-miR-486a-3p,CGGGGCAGCUCAGUACAGGAU,GGGGCAG
mmu-miR-546,AUGGUGGCACGGAGUC,UGGUGGC
mmu-miR-540-5p,CAAGGGUCACCCUCUGACUCUGU,AAGGGUC
mmu-miR-540-3p,AGGUCAGAGGUCGAUCCUGG,GGUCAGA
mmu-miR-543-5p,AAGUUGCCCGCGUGUUUUUCG,AGUUGCC
mmu-miR-543-3p,AAACAUUCGCGGUGCACUUCUU,AACAUUC
mmu-miR-539-5p,GGAGAAAUUAUCCUUGGUGUGU,GAGAAAU
mmu-miR-539-3p,CAUACAAGGAUAAUUUCUUUUU,AUACAAG
mmu-miR-541-5p,AAGGGAUUCUGAUGUUGGUCACACU,AGGGAUU
mmu-miR-541-3p,UGGCGAACACAGAAUCCAUACU,GGCGAAC
mmu-miR-542-5p,CUCGGGGAUCAUCAUGUCACGA,UCGGGGA
mmu-miR-542-3p,UGUGACAGAUUGAUAACUGAAA,GUGACAG
mmu-miR-547-5p,CACUUGAGGAUGUACCACCCA,ACUUGAG
mmu-miR-547-3p,CUUGGUACAUCUUUGAGUGAG,UUGGUAC
mmu-miR-367-5p,ACUGUUGCUAACAUGCAACUC,CUGUUGC
mmu-miR-367-3p,AAUUGCACUUUAGCAAUGGUGA,AUUGCAC
mmu-miR-494-5p,AGGUUGUCCGUGUUGUCUUCUC,GGUUGUC
mmu-miR-494-3p,UGAAACAUACACGGGAAACCUC,GAAACAU
mmu-miR-376c-5p,GUGGAUAUUCCUUCUAUGUUUA,UGGAUAU
mmu-miR-376c-3p,AACAUAGAGGAAAUUUCACGU,ACAUAGA
mmu-miR-487b-5p,UGGUUAUCCCUGUCCUCUUCG,GGUUAUC
mmu-miR-487b-3p,AAUCGUACAGGGUCAUCCACUU,AUCGUAC
mmu-miR-369-5p,AGAUCGACCGUGUUAUAUUCGC,GAUCGAC
mmu-miR-369-3p,AAUAAUACAUGGUUGAUCUUU,AUAAUAC
mmu-miR-20b-5p,CAAAGUGCUCAUAGUGCAGGUAG,AAAGUGC
mmu-miR-20b-3p,ACUGCAGUGUGAGCACUUCUAG,CUGCAGU
mmu-miR-450a-2-3p,AUUGGGGAUGCUUUGCAUUCAU,UUGGGGA
mmu-miR-503-5p,UAGCAGCGGGAACAGUACUGCAG,AGCAGCG
mmu-miR-503-3p,GAGUAUUGUUUCCACUGCCUGG,AGUAUUG
mmu-miR-291b-5p,GAUCAAAGUGGAGGCCCUCUCC,AUCAAAG
mmu-miR-291b-3p,AAAGUGCAUCCAUUUUGUUUGU,AAGUGCA
mmu-miR-302b-5p,ACUUUAACAUGGGAAUGCUUUCU,CUUUAAC
mmu-miR-302b-3p,UAAGUGCUUCCAUGUUUUAGUAG,AAGUGCU
mmu-miR-302c-5p,GCUUUAACAUGGGGUUACCUGC,CUUUAAC
mmu-miR-302c-3p,AAGUGCUUCCAUGUUUCAGUGG,AGUGCUU
mmu-miR-302d-5p,ACUUUAACAUGGAGGCACUUGCU,CUUUAAC
mmu-miR-302d-3p,UAAGUGCUUCCAUGUUUGAGUGU,AAGUGCU
mmu-miR-1224-5p,GUGAGGACUGGGGAGGUGGAG,UGAGGAC
mmu-miR-1224-3p,CCCCACCUCUUCUCUCCUCAG,CCCACCU
mmu-miR-1247-5p,ACCCGUCCCGUUCGUCCCCGGA,CCCGUCC
mmu-miR-1247-3p,CGGGAACGUCGAGACUGGAGC,GGGAACG
mmu-miR-301b-5p,GCUCUGACUAGGUUGCACUACU,CUCUGAC
mmu-miR-301b-3p,CAGUGCAAUGGUAUUGUCAAAGC,AGUGCAA
mmu-miR-675-5p,UGGUGCGGAAAGGGCCCACAGU,GGUGCGG
mmu-miR-675-3p,CUGUAUGCCCUAACCGCUCAGU,UGUAUGC
mmu-miR-744-5p,UGCGGGGCUAGGGCUAACAGCA,GCGGGGC
mmu-miR-744-3p,CUGUUGCCACUAACCUCAACCU,UGUUGCC
mmu-miR-374b-5p,AUAUAAUACAACCUGCUAAGUG,UAUAAUA
mmu-miR-374b-3p,GGUUGUAUUAUCAUUGUCCGAG,GUUGUAU
mmu-miR-216b-5p,AAAUCUCUGCAGGCAAAUGUGA,AAUCUCU
mmu-miR-216b-3p,ACACUUACCUGUAGAGAUUCUU,CACUUAC
mmu-miR-592-5p,AUUGUGUCAAUAUGCGAUGAUGU,UUGUGUC
mmu-miR-592-3p,UCAUCACGUGGUGACGCAACAU,CAUCACG
mmu-miR-758-5p,UGGUUGACCAGAGAGCACACG,GGUUGAC
mmu-miR-758-3p,UUUGUGACCUGGUCCACUA,UUGUGAC
mmu-miR-1264-5p,AGGUCCUCAAUAAGUAUUUGUU,GGUCCUC
mmu-miR-1264-3p,CAAAUCUUAUUUGAGCACCUGU,AAAUCUU
mmu-miR-551b-5p,GAAAUCAAGCUUGGGUGAGACCU,AAAUCAA
mmu-miR-551b-3p,GCGACCCAUACUUGGUUUCAG,CGACCCA
mmu-miR-1249-5p,AGGAGGGAGGGGAUGGGCCAAGUUC,GGAGGGA
mmu-miR-1249-3p,ACGCCCUUCCCCCCCUUCUUCA,CGCCCUU
mmu-miR-671-5p,AGGAAGCCCUGGAGGGGCUGGAG,GGAAGCC
mmu-miR-671-3p,UCCGGUUCUCAGGGCUCCACC,CCGGUUC
mmu-miR-668-5p,GUAAGUGUGCCUCGGGUGAGCAUG,UAAGUGU
mmu-miR-668-3p,UGUCACUCGGCUCGGCCCACUACC,GUCACUC
mmu-miR-1843a-5p,UAUGGAGGUCUCUGUCUGACU,AUGGAGG
mmu-miR-1843a-3p,UCUGAUCGUUCACCUCCAUACA,CUGAUCG
mmu-miR-665-5p,AGGGGCCUCUGCCUCUAUCCAGGAUU,GGGGCCU
mmu-miR-665-3p,ACCAGGAGGCUGAGGUCCCU,CCAGGAG
mmu-miR-667-5p,CGGUGCUGGUGGAGCAGUGAGCACG,GGUGCUG
mmu-miR-667-3p,UGACACCUGCCACCCAGCCCAAG,GACACCU
mmu-miR-770-5p,AGCACCACGUGUCUGGGCCACG,GCACCAC
mmu-miR-770-3p,CGUGGGCCUGACGUGGAGCUGG,GUGGGCC
mmu-miR-762,GGGGCUGGGGCCGGGACAGAGC,GGGCUGG
mmu-miR-3475-5p,AAAUCAUGUACCCCCACAGAGG,AAUCAUG
mmu-miR-3475-3p,UCUGGAGGCACAUGGUUUGAA,CUGGAGG
mmu-miR-344d-3-5p,AGUCAGGCUAGUGGUUAUACUCC,GUCAGGC
mmu-miR-344d-3p,GAUAUAACCACUGCCAGACUGA,AUAUAAC
mmu-miR-802-5p,UCAGUAACAAAGAUUCAUCCUU,CAGUAAC
mmu-miR-802-3p,ACGGAGAGUCUUUGUCACUCAG,CGGAGAG
mmu-miR-672-5p,UGAGGUUGGUGUACUGUGUGUGA,GAGGUUG
mmu-miR-672-3p,ACACACAGUCACUAUCUUCGA,CACACAG
mmu-miR-670-5p,AUCCCUGAGUGUAUGUGGUGAA,UCCCUGA
mmu-miR-670-3p,UUUCCUCAUAUCCAUUCAGGAGUGU,UUCCUCA
mmu-miR-1298-5p,UUCAUUCGGCUGUCCAGAUGUA,UCAUUCG
mmu-miR-1298-3p,CAUCUGGGCAACUGAUUGAACU,AUCUGGG
mmu-miR-761,GCAGCAGGGUGAAACUGACACA,CAGCAGG
mmu-miR-764-5p,GGUGCUCACAUGUCCUCCU,GUGCUCA
mmu-miR-764-3p,AGGAGGCCAUAGUGGCAACUGU,GGAGGCC
mmu-miR-3059-5p,UUUCCUCUCUGCCCCAUAGGGU,UUCCUCU
mmu-miR-3059-3p,CCUCUAGGGAAGAGAAGGUUGG,CUCUAGG
mmu-miR-3058-5p,UCAGCCACGGCUUACCUGGAAGA,CAGCCAC
mmu-miR-3058-3p,UUCCUGUCAGCCGUGGGUGCC,UCCUGUC
mmu-miR-3099-5p,CCAGCUUCCUUCCAGCCCUUG,CAGCUUC
mmu-miR-3099-3p,UAGGCUAGAGAGAGGUUGGGGA,AGGCUAG
mmu-miR-3106-5p,UGGCUCAUUUAGAAGCAGCCA,GGCUCAU
mmu-miR-3106-3p,GCUGCCUAUACAUGGGCUUUCC,CUGCCUA
mmu-miR-763,CCAGCUGGGAAGAACCAGUGGC,CAGCUGG
mmu-miR-669a-5p,AGUUGUGUGUGCAUGUUCAUGUCU,GUUGUGU
mmu-miR-669a-3p,ACAUAACAUACACACACACGUAU,CAUAACA
mmu-miR-344d-1-5p,AGUCAGGCUGCUGGCUAUACACCA,GUCAGGC
mmu-miR-666-5p,AGCGGGCACAGCUGUGAGAGCC,GCGGGCA
mmu-miR-666-3p,GGCUGCAGCGUGAUCGCCUGCU,GCUGCAG
mmu-miR-759,GCAGAGUGCAAACAAUUUUGAC,CAGAGUG
mmu-miR-496a-5p,AGGUUGCCCAUGGUGUGUUCA,GGUUGCC
mmu-miR-496a-3p,UGAGUAUUACAUGGCCAAUCUC,GAGUAUU
mmu-miR-673-5p,CUCACAGCUCUGGUCCUUGGAG,UCACAGC
mmu-miR-673-3p,UCCGGGGCUGAGUUCUGUGCACC,CCGGGGC
mmu-miR-760-5p,CCCCUCAGGCCACCAGAGCCCGG,CCCUCAG
mmu-miR-760-3p,CGGCUCUGGGUCUGUGGGGA,GGCUCUG
mmu-miR-674-5p,GCACUGAGAUGGGAGUGGUGUA,CACUGAG
mmu-miR-674-3p,CACAGCUCCCAUCUCAGAACAA,ACAGCUC
mmu-miR-344d-2-5p,AGUCUGGUUGCUGGCUAUAUUCCA,GUCUGGU
mmu-miR-488-5p,CCCAGAUAAUAGCACUCUCAA,CCAGAUA
mmu-miR-488-3p,UUGAAAGGCUGUUUCUUGGUC,UGAAAGG
mmu-miR-677-5p,UUCAGUGAUGAUUAGCUUCUGA,UCAGUGA
mmu-miR-677-3p,GAAGCCAGAUGCCGUUCCUGAGAAGG,AAGCCAG
mmu-miR-678,GUCUCGGUGCAAGGACUGGAGG,UCUCGGU
mmu-miR-497a-5p,CAGCAGCACACUGUGGUUUGUA,AGCAGCA
mmu-miR-497a-3p,CAAACCACACUGUGGUGUUAG,AAACCAC
mmu-miR-423-5p,UGAGGGGCAGAGAGCGAGACUUU,GAGGGGC
mmu-miR-423-3p,AGCUCGGUCUGAGGCCCCUCAGU,GCUCGGU
mmu-miR-679-5p,GGACUGUGAGGUGACUCUUGGU,GACUGUG
mmu-miR-679-3p,AGCAAGGUCCUCCUCACAGUAG,GCAAGGU
mmu-miR-495-5p,GAAGUUGCCCAUGUUAUUUUUCG,AAGUUGC
mmu-miR-495-3p,AAACAAACAUGGUGCACUUCUU,AACAAAC
mmu-miR-680,GGGCAUCUGCUGACAUGGGGG,GGCAUCU
mmu-miR-681,CAGCCUCGCUGGCAGGCAGCU,AGCCUCG
mmu-miR-682,CUGCAGUCACAGUGAAGUCUG,UGCAGUC
mmu-miR-449c-5p,AGGCAGUGCAUUGCUAGCUGG,GGCAGUG
mmu-miR-449c-3p,CAGUUGCUAGCUGCACUACCCU,AGUUGCU
mmu-miR-683,CCUGCUGUAAGCUGUGUCCUC,CUGCUGU
mmu-miR-684,AGUUUUCCCUUCAAGUCAA,GUUUUCC
mmu-miR-686,AUUGCUUCCCAGACGGUGAAGA,UUGCUUC
mmu-miR-719,AUCUCGGCUACAGAAAAAUGUU,UCUCGGC
mmu-miR-687,CUAUCCUGGAAUGCAGCAAUGA,UAUCCUG
mmu-miR-688,UCGCAGGCGACUACUUAUUC,CGCAGGC
mmu-miR-690,AAAGGCUAGGCUCACAACCAAA,AAGGCUA
mmu-miR-691,AUUCCUGAAGAGAGGCAGAAAA,UUCCUGA
mmu-miR-692,AUCUCUUUGAGCGCCUCACUC,UCUCUUU
mmu-miR-693-5p,CAGCCACAUCCGAAAGUUUUC,AGCCACA
mmu-miR-693-3p,GCAGCUUUCAGAUGUGGCUGUAA,CAGCUUU
mmu-miR-694,CUGAAAAUGUUGCCUGAAG,UGAAAAU
mmu-miR-146b-5p,UGAGAACUGAAUUCCAUAGGCU,GAGAACU
mmu-miR-146b-3p,GCCCUAGGGACUCAGUUCUGGU,CCCUAGG
mmu-miR-669b-5p,AGUUUUGUGUGCAUGUGCAUGU,GUUUUGU
mmu-miR-669b-3p,CAUAUACAUACACACAAACAUAU,AUAUACA
mmu-miR-669a-3-3p,ACAUAACAUACACACACAUGUAU,CAUAACA
mmu-miR-467b-5p,GUAAGUGCCUGCAUGUAUAUG,UAAGUGC
mmu-miR-467b-3p,AUAUACAUACACACACCAACAC,UAUACAU
mmu-miR-669c-5p,AUAGUUGUGUGUGGAUGUGUGU,UAGUUGU
mmu-miR-669c-3p,UACACACACACACACAAGUAAA,ACACACA
mmu-miR-297b-5p,AUGUAUGUGUGCAUGAACAUGU,UGUAUGU
mmu-miR-297b-3p,UAUACAUACACACAUACCCAUA,AUACAUA
mmu-miR-695,AGAUUGGGCAUAGGUGACUGAA,GAUUGGG
mmu-miR-499-5p,UUAAGACUUGCAGUGAUGUUU,UAAGACU
mmu-miR-499-3p,GAACAUCACAGCAAGUCUGUGCU,AACAUCA
mmu-miR-696,GCGUGUGCUUGCUGUGGG,CGUGUGC
mmu-miR-455-5p,UAUGUGCCUUUGGACUACAUCG,AUGUGCC
mmu-miR-455-3p,GCAGUCCACGGGCAUAUACAC,CAGUCCA
mmu-miR-491-5p,AGUGGGGAACCCUUCCAUGAGG,GUGGGGA
mmu-miR-491-3p,CUUAUGCAAGAUUCCCUUCUAC,UUAUGCA
mmu-miR-697,AACAUCCUGGUCCUGUGGAGA,ACAUCCU
mmu-miR-698-5p,UGUGGGUGGGACAGGGAUGUU,GUGGGUG
mmu-miR-698-3p,CAUUCUCGUUUCCUUCCCU,AUUCUCG
mmu-miR-700-5p,UAAGGCUCCUUCCUGUGCUUGC,AAGGCUC
mmu-miR-700-3p,CACGCGGGAACCGAGUCCACC,ACGCGGG
mmu-miR-701-5p,UUAGCCGCUGAAAUAGAUGGA,UAGCCGC
mmu-miR-701-3p,UAUCUAUUAAAGAGGCUAGC,AUCUAUU
mmu-miR-702-5p,GUGAGUGGGGUGGUUGGCAUG,UGAGUGG
mmu-miR-702-3p,UGCCCACCCUUUACCCCGCUCC,GCCCACC
mmu-miR-703,AAAACCUUCAGAAGGAAAGAA,AAACCUU
mmu-miR-704,AGACAUGUGCUCUGCUCCUAG,GACAUGU
mmu-miR-705,GGUGGGAGGUGGGGUGGGCA,GUGGGAG
mmu-miR-706,AGAGAAACCCUGUCUCAAAAAA,GAGAAAC
mmu-miR-707,CAGUCAUGCCGCUUGCCUACG,AGUCAUG
mmu-miR-708-5p,AAGGAGCUUACAAUCUAGCUGGG,AGGAGCU
mmu-miR-708-3p,CAACUAGACUGUGAGCUUCUAG,AACUAGA
mmu-miR-709,GGAGGCAGAGGCAGGAGGA,GAGGCAG
mmu-miR-710,CCAAGUCUUGGGGAGAGUUGAG,CAAGUCU
mmu-miR-711,GGGACCCGGGGAGAGAUGUAAG,GGACCCG
mmu-miR-712-5p,CUCCUUCACCCGGGCGGUACC,UCCUUCA
mmu-miR-712-3p,UGCGAGUCACCCCCGGGUGUUG,GCGAGUC
mmu-miR-713,UGCACUGAAGGCACACAGC,GCACUGA
mmu-miR-714,CGACGAGGGCCGGUCGGUCGC,GACGAGG
mmu-miR-500-5p,AAUCCUUGCUAUCUGGGUGCUUAGU,AUCCUUG
mmu-miR-500-3p,AAUGCACCUGGGCAAGGGUUCA,AUGCACC
mmu-miR-501-5p,AAUCCUUUGUCCCUGGGUGAAA,AUCCUUU
mmu-miR-501-3p,AAUGCACCCGGGCAAGGAUUUG,AUGCACC
mmu-miR-717,CUCAGACAGAGAUACCUUCUCU,UCAGACA
mmu-miR-450b-5p,UUUUGCAGUAUGUUCCUGAAUA,UUUGCAG
mmu-miR-450b-3p,AUUGGGAACAUUUUGCAUGCAU,UUGGGAA
mmu-miR-505-5p,GGGAGCCAGGAAGUAUUGAUGUU,GGAGCCA
mmu-miR-505-3p,CGUCAACACUUGCUGGUUUUCU,GUCAACA
mmu-miR-718,CUUCCGCCCGGCCGGGUGUCG,UUCCGCC
mmu-miR-721,CAGUGCAAUUAAAAGGGGGAA,AGUGCAA
mmu-miR-652-5p,CAACCCUAGGAGGGGGUGCCAUUC,AACCCUA
mmu-miR-652-3p,AAUGGCGCCACUAGGGUUGUG,AUGGCGC
mmu-miR-490-5p,CCAUGGAUCUCCAGGUGGGU,CAUGGAU
mmu-miR-490-3p,CAACCUGGAGGACUCCAUGCUG,AACCUGG
mmu-miR-676-5p,ACUCUACAACCUUAGGACUUGC,CUCUACA
mmu-miR-676-3p,CCGUCCUGAGGUUGUUGAGCU,CGUCCUG
mmu-miR-615-5p,GGGGGUCCCCGGUGCUCGGAUC,GGGGUCC
mmu-miR-615-3p,UCCGAGCCUGGGUCUCCCUCUU,CCGAGCC
mmu-miR-804,UGUGAGUUGUUCCUCACCUGGA,GUGAGUU
mmu-miR-741-5p,UACGUAGAUUGGUACCUAUCAUG,ACGUAGA
mmu-miR-741-3p,UGAGAGAUGCCAUUCUAUGUAGA,GAGAGAU
mmu-miR-742-5p,UACUCACAUGGUUGCUAAUCA,ACUCACA
mmu-miR-742-3p,GAAAGCCACCAUGCUGGGUAAA,AAAGCCA
mmu-miR-743a-5p,UAUUCAGAUUGGUGCCUGUCAU,AUUCAGA
mmu-miR-743a-3p,GAAAGACACCAAGCUGAGUAGA,AAAGACA
mmu-miR-181d-5p,AACAUUCAUUGUUGUCGGUGGGU,ACAUUCA
mmu-miR-181d-3p,CCCACCGGGGGAUGAAUGUCA,CCACCGG
mmu-miR-743b-5p,UGUUCAGACUGGUGUCCAUCA,GUUCAGA
mmu-miR-743b-3p,GAAAGACAUCAUGCUGAAUAGA,AAAGACA
mmu-miR-871-5p,UAUUCAGAUUAGUGCCAGUCAUG,AUUCAGA
mmu-miR-871-3p,UGACUGGCACCAUUCUGGAUAAU,GACUGGC
mmu-miR-879-5p,AGAGGCUUAUAGCUCUAAGCC,GAGGCUU
mmu-miR-879-3p,GCUUAUGGCUUCAAGCUUUCGG,CUUAUGG
mmu-miR-880-5p,UACUCAGAUUGAUAUGAGUCA,ACUCAGA
mmu-miR-880-3p,UACUCCAUCCUCUCUGAGUAGA,ACUCCAU
mmu-miR-881-5p,CAGAGAGAUAACAGUCACAUCU,AGAGAGA
mmu-miR-881-3p,AACUGUGUCUUUUCUGAAUAGA,ACUGUGU
mmu-miR-882,AGGAGAGAGUUAGCGCAUUAGU,GGAGAGA
mmu-miR-883a-5p,UGCUGAGAGAAGUAGCAGUUAC,GCUGAGA
mmu-miR-883a-3p,UAACUGCAACAGCUCUCAGUAU,AACUGCA
mmu-miR-883b-5p,UACUGAGAAUGGGUAGCAGUCA,ACUGAGA
mmu-miR-883b-3p,UAACUGCAACAUCUCUCAGUAU,AACUGCA
mmu-miR-190b-5p,UGAUAUGUUUGAUAUUGGGUUG,GAUAUGU
mmu-miR-190b-3p,ACUGAAUGUCAAGCAUACUCUCA,CUGAAUG
mmu-miR-874-5p,CGGCCCCACGCACCAGGGUAAG,GGCCCCA
mmu-miR-874-3p,CUGCCCUGGCCCGAGGGACCGA,UGCCCUG
mmu-miR-876-5p,UGGAUUUCUCUGUGAAUCACUA,GGAUUUC
mmu-miR-876-3p,UAGUGGUUUACAAAGUAAUUCA,AGUGGUU
mmu-miR-105,CCAAGUGCUCAGAUGCUUGUGGU,CAAGUGC
mmu-miR-147-5p,UGGAAACAUUUCUGCACAAACUAG,GGAAACA
mmu-miR-147-3p,GUGUGCGGAAAUGCUUCUGCUA,UGUGCGG
mmu-miR-18b-5p,UAAGGUGCAUCUAGUGCUGUUAG,AAGGUGC
mmu-miR-18b-3p,UACUGCCCUAAAUGCCCCUUCU,ACUGCCC
mmu-miR-193b-5p,CGGGGUUUUGAGGGCGAGAUGA,GGGGUUU
mmu-miR-193b-3p,AACUGGCCCACAAAGUCCCGCU,ACUGGCC
mmu-miR-297a-3p,UAUACAUACACACAUACCCAUA,AUACAUA
mmu-miR-297c-5p,AUGUAUGUGUGCAUGUACAUGU,UGUAUGU
mmu-miR-297c-3p,UAUACAUACACACAUACCCAUA,AUACAUA
mmu-miR-327,ACUUGAGGGGCAUGAGGAU,CUUGAGG
mmu-miR-343,UCUCCCUUCAUGUGCCCAGA,CUCCCUU
mmu-miR-421-5p,CUCAUUAAAUGUUUGUUGAAU,UCAUUAA
mmu-miR-421-3p,AUCAACAGACAUUAAUUGGGCGC,UCAACAG
mmu-miR-453,AGGUUGCCUCAUAGUGAGCUUGCA,GGUUGCC
mmu-miR-465b-5p,UAUUUAGAAUGGUGCUGAUCUG,AUUUAGA
mmu-miR-465b-3p,GAUCAGGGCCUUUCUAAGUAGA,AUCAGGG
mmu-miR-465c-5p,UAUUUAGAAUGGCGCUGAUCUG,AUUUAGA
mmu-miR-465c-3p,GAUCAGGGCCUUUCUAAGUAGA,AUCAGGG
mmu-miR-466b-5p,UGAUGUGUGUGUACAUGUACAU,GAUGUGU
mmu-miR-466b-3p,AUACAUACACGCACACAUAAGA,UACAUAC
mmu-miR-466c-5p,UGAUGUGUGUGUGCAUGUACAUAU,GAUGUGU
mmu-miR-466c-3p,AUACAUACACGCACACAUAAGA,UACAUAC
mmu-miR-466e-5p,GAUGUGUGUGUACAUGUACAUA,AUGUGUG
mmu-miR-466e-3p,UAUACAUACACGCACACAUAAGA,AUACAUA
mmu-miR-466f-5p,UACGUGUGUGUGCAUGUGCAUG,ACGUGUG
mmu-miR-466f-3p,CAUACACACACACAUACACAC,AUACACA
mmu-miR-466g,AUACAGACACAUGCACACACA,UACAGAC
mmu-miR-466h-5p,UGUGUGCAUGUGCUUGUGUGUA,GUGUGCA
mmu-miR-466h-3p,UACGCACGCACACACACAC,ACGCACG
mmu-miR-467c-5p,UAAGUGCGUGCAUGUAUAUGUG,AAGUGCG
mmu-miR-467c-3p,AUAUACAUACACACACCUAUAC,UAUACAU
mmu-miR-467d-5p,UAAGUGCGCGCAUGUAUAUGCG,AAGUGCG
mmu-miR-467d-3p,AUAUACAUACACACACCUACAC,UAUACAU
mmu-miR-493-5p,UUGUACAUGGUAGGCUUUC,UGUACAU
mmu-miR-493-3p,UGAAGGUCCUACUGUGUGCCAGG,GAAGGUC
mmu-miR-504-5p,AGACCCUGGUCUGCACUCUAUC,GACCCUG
mmu-miR-504-3p,AGGGAGAGCAGGGCAGGGUUUC,GGGAGAG
mmu-miR-509-5p,UACUCCAGAAUGUGGCAAUCAU,ACUCCAG
mmu-miR-509-3p,UGAUUGACAUUUCUGUAAUGG,GAUUGAC
mmu-miR-568,AUGUAUAAAUGUAUACACAC,UGUAUAA
mmu-miR-574-5p,UGAGUGUGUGUGUGUGAGUGUGU,GAGUGUG
mmu-miR-574-3p,CACGCUCAUGCACACACCCACA,ACGCUCA
mmu-miR-590-5p,GAGCUUAUUCAUAAAAGUGCAG,AGCUUAU
mmu-miR-590-3p,UAAUUUUAUGUAUAAGCUAGU,AAUUUUA
mmu-miR-654-5p,UGGUAAGCUGCAGAACAUGUGU,GGUAAGC
mmu-miR-654-3p,UAUGUCUGCUGACCAUCACCUU,AUGUCUG
mmu-miR-92b-5p,AGGGACGGGACGUGGUGCAGUGUU,GGGACGG
mmu-miR-92b-3p,UAUUGCACUCGUCCCGGCCUCC,AUUGCAC
mmu-miR-466d-5p,UGUGUGUGCGUACAUGUACAUG,GUGUGUG
mmu-miR-466d-3p,UAUACAUACACGCACACAUAG,AUACAUA
mmu-miR-449b,AGGCAGUGUUGUUAGCUGGC,GGCAGUG
mmu-miR-878-5p,UAUCUAGUUGGAUGUCAAGACA,AUCUAGU
mmu-miR-878-3p,GCAUGACACCACACUGGGUAGA,CAUGACA
mmu-miR-872-5p,AAGGUUACUUGUUAGUUCAGG,AGGUUAC
mmu-miR-872-3p,UGAACUAUUGCAGUAGCCUCCU,GAACUAU
mmu-miR-873a-5p,GCAGGAACUUGUGAGUCUCCU,CAGGAAC
mmu-miR-873a-3p,GAGACUGACAAGUUCCCGGGA,AGACUGA
mmu-miR-875-5p,UAUACCUCAGUUUUAUCAGGUG,AUACCUC
mmu-miR-875-3p,CCUGAAAAUACUGAGGCUAUG,CUGAAAA
mmu-miR-208b-5p,AAGCUUUUUGCUCGCGUUAUGU,AGCUUUU
mmu-miR-208b-3p,AUAAGACGAACAAAAGGUUUGU,UAAGACG
mmu-miR-877-5p,GUAGAGGAGAUGGCGCAGGG,UAGAGGA
mmu-miR-877-3p,UGUCCUCUUCUCCCUCCUCCCA,GUCCUCU
mmu-miR-511-5p,AUGCCUUUUGCUCUGCACUCA,UGCCUUU
mmu-miR-511-3p,AAUGUGUAGCAAAAGACAGGAU,AUGUGUA
mmu-miR-544-5p,UCUUGUUAAAAAGCAGAGUCU,CUUGUUA
mmu-miR-544-3p,AUUCUGCAUUUUUAGCAAGCUC,UUCUGCA
mmu-miR-598-5p,GCGGUGAUGCCGAUGGUGCGAGC,CGGUGAU
mmu-miR-598-3p,UACGUCAUCGUCGUCAUCGUUA,ACGUCAU
mmu-miR-653-5p,GUGUUGAAACAAUCUCUACUG,UGUUGAA
mmu-miR-653-3p,UUCACUGGAGUUUGUUUCAGU,UCACUGG
mmu-miR-582-5p,AUACAGUUGUUCAACCAGUUAC,UACAGUU
mmu-miR-582-3p,UAACCUGUUGAACAACUGAAC,AACCUGU
mmu-miR-467e-5p,AUAAGUGUGAGCAUGUAUAUGU,UAAGUGU
mmu-miR-467e-3p,AUAUACAUACACACACCUAUAU,UAUACAU
mmu-miR-466l-5p,UUGUGUGUACAUGUACAUGUAU,UGUGUGU
mmu-miR-466l-3p,UAUAAAUACAUGCACACAUAUU,AUAAAUA
mmu-miR-669k-5p,UGUGCAUGUGUGUAUAGUUGUGUGC,GUGCAUG
mmu-miR-669k-3p,UAUGCAUAUACACGCAUGCAA,AUGCAUA
mmu-miR-669g,UGCAUUGUAUGUGUUGACAUGAU,GCAUUGU
mmu-miR-669d-5p,ACUUGUGUGUGCAUGUAUAUGU,CUUGUGU
mmu-miR-669d-3p,UAUACAUACACACCCAUAUAC,AUACAUA
mmu-miR-466i-5p,UGUGUGUGUGUGUGUGUGUG,GUGUGUG
mmu-miR-466i-3p,AUACACACACACAUACACACUA,UACACAC
mmu-miR-1b-5p,UACAUACUUCUUUACAUUCCA,ACAUACU
mmu-miR-1b-3p,UGGGUACAUAAAGAAGUAUGUGC,GGGUACA
mmu-miR-1187,UAUGUGUGUGUGUAUGUGUGUAA,AUGUGUG
mmu-miR-669j,UGCAUAUACUCACAUGCAAACA,GCAUAUA
mmu-miR-669f-5p,AGUUGUGUGUGCAUGUGCAUGUGU,GUUGUGU
mmu-miR-669f-3p,CAUAUACAUACACACACACGUAU,AUAUACA
mmu-miR-669i,UGCAUAUACACACAUGCAUAC,GCAUAUA
mmu-miR-669h-5p,AUGCAUGGGUGUAUAGUUGAGUGC,UGCAUGG
mmu-miR-669h-3p,UAUGCAUAUACACACAUGCACA,AUGCAUA
mmu-miR-1188-5p,UGGUGUGAGGUUGGGCCAGGA,GGUGUGA
mmu-miR-1188-3p,UCCGAGGCUCCCCACCACACCCUGC,CCGAGGC
mmu-miR-466f,ACGUGUGUGUGCAUGUGCAUGU,CGUGUGU
mmu-miR-466k,UGUGUGUGUACAUGUACAUGUGA,GUGUGUG
mmu-miR-467f,AUAUACACACACACACCUACA,UAUACAC
mmu-miR-1190,UCAGCUGAGGUUCCCCUCUGUC,CAGCUGA
mmu-miR-466j,UGUGUGCAUGUGCAUGUGUGUAA,GUGUGCA
mmu-miR-1191a,CAGUCUUACUAUGUAGCCCUA,AGUCUUA
mmu-miR-1192,AAACAAACAAACAGACCAAAUU,AACAAAC
mmu-miR-1193-5p,UGGUAGACCGGUGACGUACA,GGUAGAC
mmu-miR-1193-3p,UAGGUCACCCGUUUUACUAUC,AGGUCAC
mmu-miR-1194,GAAUGAGUAACUGCUAGAUCCU,AAUGAGU
mmu-miR-669e-5p,UGUCUUGUGUGUGCAUGUUCAU,GUCUUGU
mmu-miR-669e-3p,UGAAUAUACACACACUUACAC,GAAUAUA
mmu-miR-467g,UAUACAUACACACACAUAUAU,AUACAUA
mmu-miR-467h,AUAAGUGUGUGCAUGUAUAUGU,UAAGUGU
mmu-miR-1195,UGAGUUCGAGGCCAGCCUGCUCA,GAGUUCG
mmu-miR-1197-5p,CGGUUGACCAUGGUGUGUACG,GGUUGAC
mmu-miR-1197-3p,UAGGACACAUGGUCUACUUCU,AGGACAC
mmu-miR-1198-5p,UAUGUGUUCCUGGCUGGCUUGG,AUGUGUU
mmu-miR-1198-3p,AAGCUAGCCUCUAACUCAUGGC,AGCUAGC
mmu-miR-1199-5p,UCUGAGUCCCGGUCGCGCGG,CUGAGUC
mmu-miR-1199-3p,UGCGGCCGGUGCUCAGUCGGC,GCGGCCG
mmu-miR-1902,AGAGGUGCAGUAGGCAUGACUU,GAGGUGC
mmu-miR-1897-5p,CUUUGGAUGGAGAAAGAGGGGG,UUUGGAU
mmu-miR-1897-3p,UCAACUCGUUCUGUCCGGUGAG,CAACUCG
mmu-miR-1905,CACCAGUCCCACCACGCGGUAG,ACCAGUC
mmu-miR-1895,CCCCCGAGGAGGACGAGGAGGA,CCCCGAG
mmu-miR-1903,CCUUCUUCUUCUUCCUGAGACA,CUUCUUC
mmu-miR-1899,AGCGAUGGCCGAAUCUGCUUCC,GCGAUGG
mmu-miR-1900,GGCCGCCCUCUCUGGUCCUUCA,GCCGCCC
mmu-miR-1892,AUUUGGGGACGGGAGGGAGGAU,UUUGGGG
mmu-miR-1906,UGCAGCAGCCUGAGGCAGGGCU,GCAGCAG
mmu-miR-1896,CUCUCUGAUGGUGGGUGAGGAG,UCUCUGA
mmu-miR-1904,GUUCUGCUCCUCUGGAGGGAGG,UUCUGCU
mmu-miR-1898,AGGUCAAGGUUCACAGGGGAUC,GGUCAAG
mmu-miR-1907,GAGCAGCAGAGGAUCUGGAGGU,AGCAGCA
mmu-miR-1894-5p,CUCUCCCCUACCACCUGCCUCU,UCUCCCC
mmu-miR-1894-3p,GCAAGGGAGAGGGUGAAGGGAG,CAAGGGA
mmu-miR-1893,GGCGCGGGCGCUGGACGCCUCG,GCGCGGG
mmu-miR-1901,CCGCUCGUACUCCCGGGGGUCC,CGCUCGU
mmu-miR-1927,GACCUCUGGAUGUUAGGGACUGA,ACCUCUG
mmu-miR-1928,AGCUACAUUGCCAGCUC,GCUACAU
mmu-miR-1929-5p,UUCUAGGACUUUAUAGAGCAGAG,UCUAGGA
mmu-miR-1929-3p,CAGCUCAUGGAGACCUAGGUGG,AGCUCAU
mmu-miR-1930-5p,ACCUCCAUAGUACCUGCAGCGU,CCUCCAU
mmu-miR-1930-3p,GGUGCAGUUACUGUGGCUGUGG,GUGCAGU
mmu-miR-1931,AUGCAAGGGCUGGUGCGAUGGC,UGCAAGG
mmu-miR-1932,GUUGCGGACAGCGCUAGGUCGG,UUGCGGA
mmu-miR-1933-5p,AGUCAUGGUGUUCGGUCUUAGUUU,GUCAUGG
mmu-miR-1933-3p,CCAGGACCAUCAGUGUGACUAU,CAGGACC
mmu-miR-1934-5p,UCUGGUCCCCUGCUUCGUCCUCU,CUGGUCC
mmu-miR-1934-3p,AGGAUGACGGUGGGGCUGGUGA,GGAUGAC
mmu-miR-1936,UAACUGACCUGCUGUGAACUGGC,AACUGAC
mmu-miR-1938,CGGUGGGACUUGUAGUUCGGUC,GGUGGGA
mmu-miR-1941-5p,AGGGAGAUGCUGGUACAGAGGCUU,GGGAGAU
mmu-miR-1941-3p,CAUCUUAGCAGUAUCUCCCAU,AUCUUAG
mmu-miR-1942,UCAGAUGUCUUCAUCUGGUUG,CAGAUGU
mmu-miR-1943-5p,AAGGGAGGAUCUGGGCACCUGGA,AGGGAGG
mmu-miR-1943-3p,CAGGUGCCAGCUCCUCCCUUC,AGGUGCC
mmu-miR-1945,UCUUCGCGGGUACUGUCGGGAC,CUUCGCG
mmu-miR-1306-5p,CACCACCUCCCCUGCAAACGUCC,ACCACCU
mmu-miR-1306-3p,ACGUUGGCUCUGGUGGUGAUG,CGUUGGC
mmu-miR-1946a,AGCCGGGCAGUGGUGGCACACACUUUU,GCCGGGC
mmu-miR-1947-5p,AGGACGAGCUAGCUGAGUGCUG,GGACGAG
mmu-miR-1947-3p,GCACUGAGCUAGCUCUCCCUCC,CACUGAG
mmu-miR-1948-5p,AUAUGAGUAUUCUGCCUAAAU,UAUGAGU
mmu-miR-1948-3p,UUUAGGCAGAGCACUCGUACAG,UUAGGCA
mmu-miR-1949,CUAUACCAGGAUGUCAGCAUAGUU,UAUACCA
mmu-miR-1950,UCUGCAUCUAAGGAUAUGGUCA,CUGCAUC
mmu-miR-669l-5p,AGUUGUGUGUGCAUGUAUAUGU,GUUGUGU
mmu-miR-669l-3p,AUAUACAUACACACCCAUAUAU,UAUACAU
mmu-miR-669m-5p,UGUGUGCAUGUGCAUGUGUGUAU,GUGUGCA
mmu-miR-669m-3p,AUAUACAUCCACACAAACAUAU,UAUACAU
mmu-miR-669o-5p,UAGUUGUGUGUGCAUGUUUAUGU,AGUUGUG
mmu-miR-669o-3p,ACAUAACAUACACACACACGUAU,CAUAACA
mmu-miR-1951,GUAGUGGAGACUGGUGUGGCUA,UAGUGGA
mmu-miR-1952,UCUCCACCCUCCUUCUG,CUCCACC
mmu-miR-1953,UGGGAAAGUUCUCAGGCUUCUG,GGGAAAG
mmu-miR-1954,ACUGCAGAGUGAGACCCUGUU,CUGCAGA
mmu-miR-1955-5p,AGUCCCAGGAUGCACUGCAGCUUUU,GUCCCAG
mmu-miR-1955-3p,GAGCAUUGCAUGCUGGGACAU,AGCAUUG
mmu-miR-669n,AUUUGUGUGUGGAUGUGUGU,UUUGUGU
mmu-miR-1956,AGUCCAGGGCUGAGUCAGCGGA,GUCCAGG
mmu-miR-1958,UAGGAAAGUGGAAGCAGUAAGU,AGGAAAG
mmu-miR-1960,CCAGUGCUGUUAGAAGAGGGCU,CAGUGCU
mmu-miR-1961,UGAGGUAGUAGUUAGAA,GAGGUAG
mmu-miR-1962,AGAGGCUGGCACUGGGACACAU,GAGGCUG
mmu-miR-1963,UGGGACGAGAUCAUGAGGCCUUC,GGGACGA
mmu-miR-1964-5p,AGCUGGAGCACAAAAGCCGGUG,GCUGGAG
mmu-miR-1964-3p,CCGACUUCUGGGCUCCGGCUUU,CGACUUC
mmu-miR-1966-5p,AAGGGAGCUGGCUCAGGAGAGAGUC,AGGGAGC
mmu-miR-1966-3p,UUUCUGACUCAACUCUCCCUUAG,UUCUGAC
mmu-miR-1967,UGAGGAUCCUGGGGAGAAGAUGC,GAGGAUC
mmu-miR-1968-5p,UGCAGCUGUUAAGGAUGGUGGACU,GCAGCUG
mmu-miR-1968-3p,ACCACCUCUGCAGCUGUUAAG,CCACCUC
mmu-miR-1969,AAGAUGGAGACUUUAACAUGGGU,AGAUGGA
mmu-miR-1946b,GCCGGGCAGUGGUGGCACAUGCUUUU,CCGGGCA
mmu-miR-1970,UGUGUCACUGGGGAUAGGCUUUG,GUGUCAC
mmu-miR-1971,GUAAAGGCUGGGCUGAGA,UAAAGGC
mmu-miR-1983,CUCACCUGGAGCAUGUUUUCU,UCACCUG
mmu-miR-1839-5p,AAGGUAGAUAGAACAGGUCUUG,AGGUAGA
mmu-miR-1839-3p,AGACCUACUUAUCUACCAACAGC,GACCUAC
mmu-miR-1981-5p,GUAAAGGCUGGGCUUAGACGUGGC,UAAAGGC
mmu-miR-1981-3p,CAUCUAACCCUGGCCUUUGAC,AUCUAAC
mmu-miR-1982-5p,UUGGGAGGGUCCUGGGGAGG,UGGGAGG
mmu-miR-1982-3p,UCUCACCCUAUGUUCUCCCACAG,CUCACCC
mmu-miR-2136,CUGGGUGUUGACUGAGAUGUG,UGGGUGU
mmu-miR-2137,GCCGGCGGGAGCCCCAGGGAG,CCGGCGG
mmu-miR-2139,AGCUGCGCUGCUCCUGGUAACUGC,GCUGCGC
mmu-miR-2183,UUGAACCCCUGACCUCCU,UGAACCC
mmu-miR-432,UCUUGGAGUAGAUCAGUGGGCAG,CUUGGAG
mmu-miR-599,UUGUGUCAGUUUAUCAAAC,UGUGUCA
mmu-miR-767,UGCACCAUGGUUGUCUGAGCA,GCACCAU
mmu-miR-664-5p,CUGGCUGGGGAAAAUGACUGG,UGGCUGG
mmu-miR-664-3p,UAUUCAUUUACUCCCCAGCCUA,AUUCAUU
mmu-miR-2861,GGGGCCUGGCGGCGGGCGG,GGGCCUG
mmu-miR-3057-5p,AUUGGAGCUGAGAUUCUGCGGGAU,UUGGAGC
mmu-miR-3057-3p,UCCCACAGGCCCAGCUCAUAGC,CCCACAG
mmu-miR-1251-5p,ACUCUAGCUGCCAAAGGCGCU,CUCUAGC
mmu-miR-1251-3p,CGCUUUGCUCAGCCAGUGUAG,GCUUUGC
mmu-miR-3060-5p,GGGAGUGCUUCGUGCUUCUG,GGAGUGC
mmu-miR-3060-3p,CCAUAGCACAGAAGCACUCCCA,CAUAGCA
mmu-miR-3061-5p,CAGUGGGCCGUGAAAGGUAGCC,AGUGGGC
mmu-miR-3061-3p,CUACCUUUGAUAGUCCACUGCC,UACCUUU
mmu-miR-3062-5p,GGAGAAUGUAGUGUUACCGUGA,GAGAAUG
mmu-miR-3062-3p,CGGGGACACACUUUCUCCU,GGGGACA
mmu-miR-3063-5p,UGGAGAUCAGGUUUGCACACU,GGAGAUC
mmu-miR-3063-3p,UGAGGAAUCCUGAUCUCUCGCC,GAGGAAU
mmu-miR-3064-5p,UCUGGCUGUUGUGGUGUGCAAA,CUGGCUG
mmu-miR-3064-3p,UGCCACACUGCAACACCUUACA,GCCACAC
mmu-miR-3065-5p,UCAACAAAAUCACUGAUGCUGG,CAACAAA
mmu-miR-3065-3p,UCAGCACCAGGAUAUUGUUGGGG,CAGCACC
mmu-miR-3066-5p,UUGGUUGCUGUAGAUUAAGUAG,UGGUUGC
mmu-miR-3066-3p,CACUUAAUAGACCGCAACCUGC,ACUUAAU
mmu-miR-3067-5p,AGUUCUCAGGCCCGCUGUGGUGU,GUUCUCA
mmu-miR-3067-3p,CCAAGCGGCUGCCCUGGGAGAGG,CAAGCGG
mmu-miR-3068-5p,UUGGAGUUCAUGCAAGUUCUAACC,UGGAGUU
mmu-miR-3068-3p,GGUGAAUUGCAGUACUCCAACA,GUGAAUU
mmu-miR-3069-5p,UUGGCAGUCAAGAUAUUGUUUAGC,UGGCAGU
mmu-miR-3069-3p,UUGGACACUAAGUACUGCCACA,UGGACAC
mmu-miR-3070-5p,AGCCCCUGACCUUGAACCUGGGA,GCCCCUG
mmu-miR-3070-3p,UGGUGCUACCGUCAGGGGUAGA,GGUGCUA
mmu-miR-3070-2-3p,UGGUGCUAUGGUCAGGGGUAGA,GGUGCUA
mmu-miR-3071-5p,ACUCAUUUGAGACGAUGAUGGA,CUCAUUU
mmu-miR-3071-3p,AUCAUCAAAACAAAUGGAGUCC,UCAUCAA
mmu-miR-3072-5p,AGGGACCCCGAGGGAGGGCAGG,GGGACCC
mmu-miR-3072-3p,UGCCCCCUCCAGGAAGCCUUCU,GCCCCCU
mmu-miR-3073a-5p,GUGGUCACAGUUGGCGCCAGCC,UGGUCAC
mmu-miR-3073a-3p,UUGAUGUCCACUGUGACCAUAG,UGAUGUC
mmu-miR-3074-5p,GUUCCUGCUGAACUGAGCCAGU,UUCCUGC
mmu-miR-3074-1-3p,GAUAUCAGCUCAGUAGGCACCG,AUAUCAG
mmu-miR-3075-5p,UGUCUGGGAGCAGCCAAGGAC,GUCUGGG
mmu-miR-3075-3p,AUCCUUGGCCUUCCUAGGUGU,UCCUUGG
mmu-miR-3076-5p,CACAGGGGAAGCUCAGUGCCAGCC,ACAGGGG
mmu-miR-3076-3p,CGCACUCUGGUCUUCCCUUGCAG,GCACUCU
mmu-miR-3077-5p,CUGCGGACGGGUGGGCGGGCAGGCC,UGCGGAC
mmu-miR-3077-3p,CUGACUCCCUGCUUCUCCGCAG,UGACUCC
mmu-miR-3078-5p,CAAAGCCUAGACUGCAGCUACCU,AAAGCCU
mmu-miR-3078-3p,UUGCUGGGGUAGUCUUUAGG,UGCUGGG
mmu-miR-3079-5p,UUUGAUCUGAUGAGCUAAGCUGG,UUGAUCU
mmu-miR-3079-3p,CAGGCUCAUCAGAUGAAAGUC,AGGCUCA
mmu-miR-3080-5p,UGAAGCGCCUGUUCUUGGAU,GAAGCGC
mmu-miR-3080-3p,UCCUCGGGCAAAGCGCUUGACA,CCUCGGG
mmu-miR-3081-5p,GACUGGAGCUUGGAGCGGUGAGC,ACUGGAG
mmu-miR-3081-3p,UUGCGCUCCGAUCUCUGAGCUGG,UGCGCUC
mmu-miR-3082-5p,GACAGAGUGUGUGUGUCUGUGU,ACAGAGU
mmu-miR-3082-3p,CACAUGGCACUCAACUCUGCAG,ACAUGGC
mmu-miR-3083-5p,AGGCUGGGAAUAUUUCAGAGAU,GGCUGGG
mmu-miR-3083-3p,UCCGAAACAUUCCCAGCCUUUA,CCGAAAC
mmu-miR-3084-5p,GUUGAAGGUUAAUUAGCAGAGU,UUGAAGG
mmu-miR-3084-3p,UUCUGCCAGUCUCCUUCAGAC,UCUGCCA
mmu-miR-3085-5p,AGGUGCCAUUCCGAGGGCCAAGAGU,GGUGCCA
mmu-miR-3085-3p,UCUGGCUGCUAUGGCCCCCUC,CUGGCUG
mmu-miR-3086-5p,UAGAUUGUAGGCCCAUUGGA,AGAUUGU
mmu-miR-3086-3p,CCCAAUGAGCCUACAGUCUAAG,CCAAUGA
mmu-miR-466m-5p,UGUGUGCAUGUGCAUGUGUGUAU,GUGUGCA
mmu-miR-466m-3p,UACAUACACACAUACACACGCA,ACAUACA
mmu-miR-669d-2-3p,AUAUACAUACACACCCAUAUAC,UAUACAU
mmu-miR-466o-5p,UGAUGUGUGUGUACAUGUACAU,GAUGUGU
mmu-miR-466o-3p,UACAUACAUGCACACAUAAGAC,ACAUACA
mmu-miR-669p-5p,AGUUGUGUGUGCAUGUUCAUGUCU,GUUGUGU
mmu-miR-669p-3p,CAUAACAUACACACACACACGUAU,AUAACAU
mmu-miR-466p-5p,UAUGUGUGUGUACAUGUACAU,AUGUGUG
mmu-miR-466p-3p,AUACAUACACGCACACAUAAGA,UACAUAC
mmu-miR-466n-5p,GUGUGUGCGUACAUGUACAUGU,UGUGUGC
mmu-miR-466n-3p,UAUACAUGAGAGCAUACAUAGA,AUACAUG
mmu-miR-3087-5p,CAGGGCAGGGCAAGAGUUGAG,AGGGCAG
mmu-miR-3087-3p,UAACUCACUGUCAUGUCCUCA,AACUCAC
mmu-miR-3088-5p,GCUAUGCAGUUGUUCAUGAGCU,CUAUGCA
mmu-miR-3088-3p,UUCAUGAGCAGCUGCAAAGGUGU,UCAUGAG
mmu-miR-3089-5p,UGAGUUCAGGGACAGCGUGUCU,GAGUUCA
mmu-miR-3089-3p,AGCAUCUGCUGAUCCUGAGCUGU,GCAUCUG
mmu-miR-3090-5p,GUCUGGGUGGGGCCUGAGAUC,UCUGGGU
mmu-miR-3090-3p,UCCCAGGUGACACCCUGACUCA,CCCAGGU
mmu-miR-3091-5p,CAUGGGUCUGGUUGGGCCCGC,AUGGGUC
mmu-miR-3091-3p,CGGGCCUGACCAGUCUCAAGAC,GGGCCUG
mmu-miR-3092-5p,AGGGGAAAAUGCCUUUCUCCCA,GGGGAAA
mmu-miR-3092-3p,GAAUGGGGCUGUUUCCCCUCC,AAUGGGG
mmu-miR-3093-5p,CGCACCCCGCGGAGCUCACACU,GCACCCC
mmu-miR-3093-3p,UGUGGACACCGUGGGAGGUUGG,GUGGACA
mmu-miR-3094-5p,UGUUGGGGACAUUUUUAAAGC,GUUGGGG
mmu-miR-3094-3p,CCUUUAAAUUGUGUCCUCAAG,CUUUAAA
mmu-miR-3095-5p,AAGCUUUCUCAUCUGUGACACU,AGCUUUC
mmu-miR-3095-3p,UGGACACUGGAGAGAGAGCUUUU,GGACACU
mmu-miR-3097-5p,CACAGGUGGGAAGUGUGUGUCCA,ACAGGUG
mmu-miR-3097-3p,CUCAGACCUUUCUACCUGUCAG,UCAGACC
mmu-miR-3098-5p,UCCUAACAGCAGGAGUAGGAGC,CCUAACA
mmu-miR-3098-3p,UUCUGCUGCCUGCCUUUAGGA,UCUGCUG
mmu-miR-3100-5p,UUGGGAACGGGGUGUCUUUGGGA,UGGGAAC
mmu-miR-3100-3p,CUGUGACACACCCGCUCCCAG,UGUGACA
mmu-miR-3101-5p,GGUACCAUUGACUAAAGCUAG,GUACCAU
mmu-miR-3101-3p,UAGCUUUGGUGGAUGGUCUUU,AGCUUUG
mmu-miR-344e-5p,CAGGCUUCUGGCUAUAUUCC,AGGCUUC
mmu-miR-344e-3p,GAUAUAACCAAAGCCUGACUAU,AUAUAAC
mmu-miR-344b-5p,AGUCAGGCUCCUGGCUAAAGUUC,GUCAGGC
mmu-miR-344b-3p,CAUUUAGCCAAAGCCUGACUGU,AUUUAGC
mmu-miR-344c-5p,AGUCAGGCUGCUGGCUAGAGUAC,GUCAGGC
mmu-miR-344c-3p,UGAUCUAGUCAAAGCCUGACAGU,GAUCUAG
mmu-miR-344g-5p,AGUCAGGCUCCUGGCAGGAGU,GUCAGGC
mmu-miR-344g-3p,CAGGCUCUAGCCAGGGGCUUGA,AGGCUCU
mmu-miR-344f-5p,AGUCAGUCUCCUGGCUGGAGUC,GUCAGUC
mmu-miR-344f-3p,CUCUAGCCAGGACCUGACUAC,UCUAGCC
mmu-miR-3102-5p,GUGAGUGGCCAGGGUGGGGCUG,UGAGUGG
mmu-miR-3102-5p.2-5p,GGUGGUGCAGGCAGGAGAGCC,GUGGUGC
mmu-miR-3102-3p.2-3p,CUCUACUCCCUGCCCCAGCCA,UCUACUC
mmu-miR-3102-3p,GAGCACCCCAUUGGCUACCCACA,AGCACCC
mmu-miR-3103-5p,GGAGGGAGGAUCUGCUGUUAG,GAGGGAG
mmu-miR-3103-3p,UAACCUCUGAUCCUUCCCACAG,AACCUCU
mmu-miR-3104-5p,UAGGGGGCAGGAGCCGGAGCCCUCU,AGGGGGC
mmu-miR-3104-3p,ACGCUCUGCUUUGCUCCCCCAGA,CGCUCUG
mmu-miR-3105-5p,AGAGCAAGCCCGUAAGCAGCGU,GAGCAAG
mmu-miR-3105-3p,ACUGCUUAUGAGCUUGCACUCC,CUGCUUA
mmu-miR-486b-5p,UCCUGUACUGAGCUGCCCCGAG,CCUGUAC
mmu-miR-486b-3p,CGGGGCAGCUCAGUACAGGA,GGGGCAG
mmu-miR-3074-2-3p,UGUUUCAGCUCAGUAGGCAC,GUUUCAG
mmu-miR-3108-5p,GUCUCUAAAGCUAGACGUUCCGG,UCUCUAA
mmu-miR-3108-3p,CGUCUAGGUCUAGAGUCUCAA,GUCUAGG
mmu-miR-3109-5p,AAUGGAUGCGAUGGUUCCCAUGCU,AUGGAUG
mmu-miR-3109-3p,UAGGGCCAUCUCAUCCAGAUA,AGGGCCA
mmu-miR-3110-5p,UUCUGCCUCCCCUGAAGGCUC,UCUGCCU
mmu-miR-3110-3p,GCACUCCAUCGGAGGCAGACAC,CACUCCA
mmu-miR-374c-5p,AUAAUACAACCUGCUAAGUG,UAAUACA
mmu-miR-374c-3p,ACUUAGCAGGUUGUAUUAU,CUUAGCA
mmu-miR-3112-5p,ACAUAGAAAAGGCAGUCUGCA,CAUAGAA
mmu-miR-3112-3p,CAGUUUGUCUCUUCUUUGUCU,AGUUUGU
mmu-miR-1912-5p,UGCUCAUUGCAUGGGCUGUGUA,GCUCAUU
mmu-miR-1912-3p,CACAGAACAUGCAGUGAGAACU,ACAGAAC
mmu-miR-3113-5p,GUCCUGGCCCUGGUCCGGGUCC,UCCUGGC
mmu-miR-3113-3p,UCCUGGCCCUGGUCCUGGUC,CCUGGCC
mmu-miR-3470a,UCACUUUGUAGACCAGGCUGG,CACUUUG
mmu-miR-3470b,UCACUCUGUAGACCAGGCUGG,CACUCUG
mmu-miR-3471,UGAGAUCCAACUGUAAGGCAUU,GAGAUCC
mmu-miR-3472,UAAUAGCCAGAAGCUGGAAGGAACC,AAUAGCC
mmu-miR-3473a,UGGAGAGAUGGCUCAGCA,GGAGAGA
mmu-miR-3474,CCCUGGGAGGAGACGUGGAUUC,CCUGGGA
mmu-miR-3960,GGCGGCGGCGGAGGCGGGGG,GCGGCGG
mmu-miR-3961,UGCCCUCAGCUCAGUUGGA,GCCCUCA
mmu-miR-28c,AGGAGCUCACAGUCUAUUGA,GGAGCUC
mmu-miR-3962,AGGUAGUAGUUUGUACAUUU,GGUAGUA
mmu-miR-3963,UGUAUCCCACUUCUGACAC,GUAUCCC
mmu-miR-3964,AUAAGGUAGAAAGCACUAAA,UAAGGUA
mmu-miR-1843b-5p,AUGGAGGUCUCUGUCUGACUU,UGGAGGU
mmu-miR-1843b-3p,CCGAUCGUUCCCCUCCAUAC,CGAUCGU
mmu-miR-3965,UGCUUAUCAGCCUGAUGUU,GCUUAUC
mmu-miR-378b,CUGGACUUGGAGUCAGAAGA,UGGACUU
mmu-miR-101c,ACAGUACUGUGAUAACUGA,CAGUACU
mmu-miR-3966,AGCUGCCAGCUGUAGAACUGU,GCUGCCA
mmu-miR-3967,AGCUUGUCUGACUGAUGUUG,GCUUGUC
mmu-miR-3968,CGAAUCCCACUCCAGACACCA,GAAUCCC
mmu-miR-3969,CCCUAAAGUAGAAAUCACUA,CCUAAAG
mmu-miR-28b,AGGAGCUCACAAUCUAUUUAG,GGAGCUC
mmu-miR-3970,GAGGUUGUAGUUUGUGCUUU,AGGUUGU
mmu-miR-3971,CUCCCCACCCCUGUACCAGUGA,UCCCCAC
mmu-miR-3473b,GGGCUGGAGAGAUGGCUCAG,GGCUGGA
mmu-miR-5046,AGCUCCCGCCACUGUGACCCCCUU,GCUCCCG
mmu-miR-5098,GUUACAUGGUGAAGCCCAGUU,UUACAUG
mmu-miR-5099,UUAGAUCGAUGUGGUGCUCC,UAGAUCG
mmu-miR-5100,UCGAAUCCCAGCGGUGCCUCU,CGAAUCC
mmu-miR-5101,UUUGUUUGUUUUGCUGAUGCAG,UUGUUUG
mmu-miR-5103,UCAUCCGGGAUCCCCUGAGG,CAUCCGG
mmu-miR-5104,CUGUGCUAGUGAGGUGGCUCAGCA,UGUGCUA
mmu-miR-5106,AGGUCUGUAGCUCAGUUGGCAGA,GGUCUGU
mmu-miR-3473c,UCUCUCCAGCCCCCAUAAUAAG,CUCUCCA
mmu-miR-5107-5p,UGGGCAGAGGAGGCAGGGACA,GGGCAGA
mmu-miR-5107-3p,CAACCUGUGCUUCUCUUCCCAG,AACCUGU
mmu-miR-5108,GUAGAGCACUGGAUGGUUU,UAGAGCA
mmu-miR-5110,GGAGGAGGUAGAGGGUGGUGGAAUU,GAGGAGG
mmu-miR-5112,UAGCUCAGCGGGAGAGCAC,AGCUCAG
mmu-miR-5113,ACAGAGGAGGAGAGAGAUCCUGU,CAGAGGA
mmu-miR-5114,ACUGGAGACGGAAGCUGCAAGA,CUGGAGA
mmu-miR-5116,UUUGAUAGGAACCCCGCCUGA,UUGAUAG
mmu-miR-5118,AAGGUUAGGCCAGCCUGGU,AGGUUAG
mmu-miR-5119,CAUCUCAUCCUGGGGCUGG,AUCUCAU
mmu-miR-5120,UUUGGGGCUGUGGUGCCACCAGC,UUGGGGC
mmu-miR-5121,AGCUUGUGAUGAGACAUCUCC,GCUUGUG
mmu-miR-5122,CCGCGGGACCCGGGGCUGUG,CGCGGGA
mmu-miR-466q,GUGCACACACACACAUACGU,UGCACAC
mmu-miR-3473d,CCACUGAGCCACUUUCCAGCCCUU,CACUGAG
mmu-miR-5123,UGUAGAUCCAUAUGCCAUGGUGUG,GUAGAUC
mmu-miR-5124a,GGUCCAGUGACUAAGAGCAU,GUCCAGU
mmu-miR-5125,UCUGCCUGGGAUUUCCUUGU,CUGCCUG
mmu-miR-3572-5p,UGGGGAACAGGGCAAGGUGGAC,GGGGAAC
mmu-miR-3572-3p,UACACUUGUCCUUCUUUCCCCAG,ACACUUG
mmu-miR-5126,GCGGGCGGGGCCGGGGGCGGGG,CGGGCGG
mmu-miR-5127,UCUCCCAACCCUUUUCCCA,CUCCCAA
mmu-miR-5128,CAAUUGGGGCUGGCGAGAUGGCU,AAUUGGG
mmu-miR-5129-5p,AUGUGGGGGCAUUGGUAUUUUC,UGUGGGG
mmu-miR-5129-3p,AAUGUGCCUGUGCAUCUCUUCC,AUGUGCC
mmu-miR-5130,CUGGAGCGCGCGGGCGAGGCAGGC,UGGAGCG
mmu-miR-5131,CGGCGCCCCACGGAGCCCCGAGC,GGCGCCC
mmu-miR-5132-5p,GCGUGGGGUGGUGGACUCAGG,CGUGGGG
mmu-miR-5132-3p,CUGAUGUUCCCCAUCCCGCAG,UGAUGUU
mmu-miR-5133,GCUGGAGCUGCGGCAGCGCAG,CUGGAGC
mmu-miR-5134-5p,UUGGCAGAAAGGGCAGCUGUG,UGGCAGA
mmu-miR-5134-3p,ACGGGUGGCCCUCUUUCUGCAG,CGGGUGG
mmu-miR-5135,AGGUCUAGGUGGCAAGGGCGUCCU,GGUCUAG
mmu-miR-5136,AUAUGCGAGGGAACUACUGG,UAUGCGA
mmu-miR-3544-5p,AGAAAGGCAUCAUAUAGGAGCUG,GAAAGGC
mmu-miR-3544-3p,ACUCCUGCAUGACGCCGUUCCC,CUCCUGC
mmu-miR-299b-5p,GGUUUACCGUCCCACAUACAU,GUUUACC
mmu-miR-299b-3p,UAUGUGGGACGGUAAACC,AUGUGGG
mmu-miR-5615-5p,CUUGGUUGUUUUCUGAGACAGA,UUGGUUG
mmu-miR-5615-3p,UGUCUCAGAAAACAACCAAGGA,GUCUCAG
mmu-miR-1231-5p,UCUGGGCAGAGCUGCAGGAGAGA,CUGGGCA
mmu-miR-1231-3p,UGCCCUGUCUGUUCUGCCCACAG,GCCCUGU
mmu-miR-5616-5p,UUUCCUCUCAUCACAAGUUGA,UUCCUCU
mmu-miR-5616-3p,AACUUGUGAUGAGGUGAGACAG,ACUUGUG
mmu-miR-5617-5p,GUAAGUGAGGGCAAGCCUUCUGG,UAAGUGA
mmu-miR-5617-3p,CAGGCGGCCUCAGCUCUCACU,AGGCGGC
mmu-miR-5618-5p,UACCCUUUACACCGUGUAGU,ACCCUUU
mmu-miR-5618-3p,CUAUACCAUGUAAAGGGU,UAUACCA
mmu-miR-5619-5p,AGUCACUAAUGGCAUUUUUGU,GUCACUA
mmu-miR-5619-3p,CGAAAAGCUCAUUGGUGAUUUC,GAAAAGC
mmu-miR-5620-5p,ACGAGGCAGGGGCUUUGACUGUG,CGAGGCA
mmu-miR-5620-3p,ACAGUCAUCCCCCUGCCUCAC,CAGUCAU
mmu-miR-5621-5p,AGGAGGUCCUGGGGCCGCCCUGA,GGAGGUC
mmu-miR-5621-3p,UGGGCCCUCCAGACCUCAUGC,GGGCCCU
mmu-miR-5622-5p,UUCACCACACCCAGCUUAAAGA,UCACCAC
mmu-miR-5622-3p,CUUAGCUGGGUAGUGGUGGUGC,UUAGCUG
mmu-miR-5623-5p,UGGCAGCUGGCAAGUCAGAAUGCA,GGCAGCU
mmu-miR-5623-3p,GUUCUGGCUUUCAGCUGUCACC,UUCUGGC
mmu-miR-3073b-5p,AUGGUCACAGUGGACAUCAACC,UGGUCAC
mmu-miR-3073b-3p,CUGGCGCCAACUGUGACCACUG,UGGCGCC
mmu-miR-5624-5p,UAUUGUAAACUCUGCCUU,AUUGUAA
mmu-miR-5624-3p,UUAAGGCAGAGUUUACAAUAGG,UAAGGCA
mmu-miR-5625-5p,CCCGGAAGUUCUUGAGUAGGA,CCGGAAG
mmu-miR-5625-3p,CUGAUUCAAGUGGUCUCUCGUGUCC,UGAUUCA
mmu-miR-5626-5p,GCCCCAUCGAUUAACUGCUUCC,CCCCAUC
mmu-miR-5626-3p,CAGCAGUUGAGUGAUGUGACAC,AGCAGUU
mmu-miR-344h-5p,CAGGCUUCUGGCUAUAUUCC,AGGCUUC
mmu-miR-344h-3p,GGUAUAACCAAAGCCCGACUGU,GUAUAAC
mmu-miR-5627-5p,AGAGGGUGCGCCGGGCCCUGCG,GAGGGUG
mmu-miR-5627-3p,ACAGGGCUCUCCGGCGCCCCUCGU,CAGGGCU
mmu-miR-344i,AAGUCAGGCUCCUGGCUGGA,AGUCAGG
mmu-miR-5709-5p,AUACGCACACUUAAGACUUUAG,UACGCAC
mmu-miR-5709-3p,AAAGUCUUAAGGGUGUGUAUUG,AAGUCUU
mmu-miR-5710,UCUUGGGACAUAGUGUAAGGCA,CUUGGGA
mmu-miR-6236,GCCGUCGCCGGCAGUCAGG,CCGUCGC
mmu-miR-6237,UUAAGGAUUGGGUCUUGGAAUUC,UAAGGAU
mmu-miR-6238,UUAUUAGUCAGUGGAGGAAAUG,UAUUAGU
mmu-miR-6239,UAGCGUUGGAUCACUCGGUG,AGCGUUG
mmu-miR-6240,CCAAAGCAUCGCGAAGGCCCACGGCG,CAAAGCA
mmu-miR-6241,CACGGCGGCUGGAAUUCCC,ACGGCGG
mmu-miR-6244,GGGGGCGUGGAAUUAUCGGGU,GGGGCGU
mmu-miR-195b,UAGCAGCACAGAAAUAGUAGAA,AGCAGCA
mmu-miR-6335,CUGCAUACACAGUGAUAUUCUG,UGCAUAC
mmu-miR-133c,UUUGGUCCCCUUCAAGGAGUCAG,UUGGUCC
mmu-miR-6336,UCUCGGAUUUAGUAAGAGAUC,CUCGGAU
mmu-miR-6337,UGAGGGCUGCUGGGUUGCUAGGU,GAGGGCU
mmu-miR-6338,CUGGUUUCUCUCAUUUGUGCU,UGGUUUC
mmu-miR-6339,GAUGCCUUUGUCCUCAGUGUUAG,AUGCCUU
mmu-miR-6340,GUCAGCAGCAGCUUCGCUUUGGC,UCAGCAG
mmu-miR-6341,CAGUGCAAUGAUAUUGUCACUAU,AGUGCAA
mmu-miR-6342,CAGCAGCAAUCUGGUCUUUGAG,AGCAGCA
mmu-miR-6343,UGUAAAGUAGGAGCUGACUGAC,GUAAAGU
mmu-miR-6344,GUUUUCCUACUGUUUCCCUUUU,UUUUCCU
mmu-miR-6345,UAGCACUGCUCAGGGUGAACU,AGCACUG
mmu-miR-6346,UAGCAGGUGUCUGCAAUGCCAA,AGCAGGU
mmu-miR-6347,CAGUGCGGCUGGCUGGAGAUGC,AGUGCGG
mmu-miR-6348,UCAGCCUUUAUAAGGUGUGUGU,CAGCCUU
mmu-miR-6349,UGGAAUGUGGGAGGGGCAUGCG,GGAAUGU
mmu-miR-6350,UAGCAGGUGCAUUAUAAAUAU,AGCAGGU
mmu-miR-6351,UAGCGUUGCUCAGGGAGCACAUG,AGCGUUG
mmu-miR-6352,UUUGGGAAAAGGACCCCAGCUC,UUGGGAA
mmu-miR-6353,UAGCAGCACGUAUUUAUCCUAUU,AGCAGCA
mmu-miR-6354,UGCCCUGGGGAUCAGGUCUCU,GCCCUGG
mmu-miR-6355,CACAAUGCUCCAAUGUGAUAU,ACAAUGC
mmu-miR-6356,UCCCCAGAGUCCUAACAAUGA,CCCCAGA
mmu-miR-6357,UAGCACUGCUCAGGGCUUUCAGG,AGCACUG
mmu-miR-6358,CAGUGUGGCAGUAUACAGCUAUA,AGUGUGG
mmu-miR-6359,CGAUGUUGCCCAGGGUCAGAA,GAUGUUG
mmu-miR-6360,UAGUGUUGCUCAGGCAGCAGGA,AGUGUUG
mmu-miR-6361,UGGCUCAGCAGUCACCCUGUGAC,GGCUCAG
mmu-miR-145b,GUCCAGUUUUCCCAGGAGACU,UCCAGUU
mmu-miR-6362,GUGGGCAUCUAGGCUAGUUCUG,UGGGCAU
mmu-miR-6363,UGUAGACUGGACUGUCCUCAAA,GUAGACU
mmu-miR-6364,UCGAUCCCCAGCACUCCUGUGA,CGAUCCC
mmu-miR-6365,UUAGCCUUUAAUAUAUUUGUUG,UAGCCUU
mmu-miR-6366,AGCUAAGGGGCCCGGGGAGCCA,GCUAAGG
mmu-miR-6367,UCCCUGAGACCCUGGUUCAGGA,CCCUGAG
mmu-miR-6368,CUGGGAAGCAGUGGAGGGGAG,UGGGAAG
mmu-miR-6369,UGGCUCAGUUCAGUGUUGGUGAG,GGCUCAG
mmu-miR-6370,GCAGGAACAGCAAAGGGGAAG,CAGGAAC
mmu-miR-6371,UUCAAGUGGCUUGAAGCUCUUCU,UCAAGUG
mmu-miR-6372,AGAACUGGGGAAACUUCCAGCCU,GAACUGG
mmu-miR-6373,UAUGGGAAUAUCUAGGAGGUGA,AUGGGAA
mmu-miR-6374,AAGUUAUAAGCUAGUUGGUGCU,AGUUAUA
mmu-miR-6375,GAAUUGGCUGACUGUAUUCCAAA,AAUUGGC
mmu-miR-6376,CAGUGUGGCCAAUUGGAGAUUA,AGUGUGG
mmu-miR-21b,UAGUUUAUCAGACUGAUAUUUCC,AGUUUAU
mmu-miR-6377,UCAUUUGUCUUCGUGUCUGCAUC,CAUUUGU
mmu-let-7j,UGAGGUAUUAGUUUGUGCUGUUAU,GAGGUAU
mmu-miR-6378,UGGUUCACGGGAGGACACACGC,GGUUCAC
mmu-miR-6379,UCCCUGGAGUUUUACAGCUAGA,CCCUGGA
mmu-miR-6380,UGUAAGUGCUUUUAACUGCUGAGC,GUAAGUG
mmu-miR-6381,CAGGAUGCUGGUGACAUGAGU,AGGAUGC
mmu-miR-6382,UGGAAUGUAAAGAGAGCACACAAG,GGAAUGU
mmu-miR-6383,UAAAGUGCUGUGUCACGGACA,AAAGUGC
mmu-miR-6384,GCUUUCCUACUGUUUCCCUG,CUUUCCU
mmu-miR-6385,GCAAGGAUGACAGAGAGGAAG,CAAGGAU
mmu-miR-130c,CAGUGCAAUGUUCCAAGGUGUG,AGUGCAA
mmu-miR-6386,CAUGCCUUAGGGUGGGAUGCAAGU,AUGCCUU
mmu-miR-6387,UGGAAUGGCUUCCCUUGUGUAU,GGAAUGG
mmu-miR-6388,UGCAGAUGGCACAGUGAGGCC,GCAGAUG
mmu-miR-5124b,UGGCUCAGUGACUAAGAAGCA,GGCUCAG
mmu-miR-6389,CAGUGCAAUGUUAAACUUUGC,AGUGCAA
mmu-miR-378c,ACUGGACUUGGAGUCAGAAGC,CUGGACU
mmu-miR-6390,GAAUUGAUCAGGAUGUAACCA,AAUUGAU
mmu-miR-6391,UGAGGCACGGGAGGACAAUGU,GAGGCAC
mmu-miR-6392-5p,UCUGGCGCCCUGGUCCUGUCAGC,CUGGCGC
mmu-miR-6392-3p,GACGCAGGUUUGCCGGGUCCUCU,ACGCAGG
mmu-miR-6393,CUGCCCACGAAGCACACUGAGU,UGCCCAC
mmu-miR-6394,UCCCUGAGUGGGGCCAGGUCU,CCCUGAG
mmu-miR-6395,CUGGCCCUCUCUGCCCUGUUUA,UGGCCCU
mmu-miR-6396,GGGGCCUUAGCUCCUAGUCCUGGA,GGGCCUU
mmu-miR-21c,UAGCUUAUCAGACUGGUACAA,AGCUUAU
mmu-miR-6397,UGGAGACUUUCAGUGGAGUGA,GGAGACU
mmu-miR-6398,GUCAAUGAACCUCAGGUAAGG,UCAAUGA
mmu-miR-6399,UUGCAAUGAUGGUAUUCUGAGG,UGCAAUG
mmu-miR-6400,UUCUUGCUGCUUGGUGCUCGC,UCUUGCU
mmu-miR-6401,UUACACUCCAGUGGUGUCGGGU,UACACUC
mmu-miR-6402,GAGCAGUUUUCCCAGGAACCCGC,AGCAGUU
mmu-miR-6403,GCAAAGGCGCUGUUUCCCAGUG,CAAAGGC
mmu-miR-6404,GUGGGAAGUGACAAGGGGUAG,UGGGAAG
mmu-miR-6405,GUGGGAAGCAGUGGGAAGCAGUG,UGGGAAG
mmu-miR-496b,CAACAUGGCCAAUUCCUUUCAU,AACAUGG
mmu-miR-6406,CGCGACCUCAGGCUGACUCAUG,GCGACCU
mmu-miR-6407,UGGCUGUCCCUGACAGGGCAAGU,GGCUGUC
mmu-miR-6408,CACAUGGGCUUGCAUGGGAUGGUC,ACAUGGG
mmu-miR-6409,UGCGGGUGAGGAUGUGUGCUCCU,GCGGGUG
mmu-miR-6410,UGGCUCAGGGACUACUCUGUGC,GGCUCAG
mmu-miR-6411,UAGCAUGUGUAGUACAUAAUG,AGCAUGU
mmu-miR-6412,UCGAAACCAUCCUCAGCUACUA,CGAAACC
mmu-miR-6413,UGGCUCAGAAGAGCAGGUAGU,GGCUCAG
mmu-miR-378d,ACUGGCCUUGGAGUCAGAAGGU,CUGGCCU
mmu-miR-6414,CUAAGUUCUGAGCUGAGUCUUG,UAAGUUC
mmu-miR-6415,GAGCUUUUGAGGGCCCCAUGCA,AGCUUUU
mmu-miR-6416-5p,CUCCGUAUCAUCUGCUCUUCU,UCCGUAU
mmu-miR-6416-3p,GCAAAGAGCAGCAAAAGGAAG,CAAAGAG
mmu-miR-6417,UAGCAAACGACAGCUAGCCACA,AGCAAAC
mmu-miR-6418-5p,UCAGGGGAAGGGAAGAGAUGC,CAGGGGA
mmu-miR-6418-3p,ACUGCAACCUCCUUUCUCCAGG,CUGCAAC
mmu-miR-6419,CAGCAGCAAUCUGACACAUGGA,AGCAGCA
mmu-miR-6420,ACUAAUCCUAUAAAAUCAAAC,CUAAUCC
mmu-miR-873b,ACAAGUUCCUGCAAAUGCACAC,CAAGUUC
mmu-miR-451b,UGGGAGCAGCAAGAGAACCGU,GGGAGCA
mmu-miR-30f,GUAAACAUCCGACUGAAAGCUC,UAAACAU
mmu-miR-6481,CACUGAAAAUGCUUAGAUG,ACUGAAA
mmu-miR-6516-5p,UUUGCAGUAACAGGUGUGGACA,UUGCAGU
mmu-miR-6516-3p,UCAUGUAUGAUACUGCAAACAG,CAUGUAU
mmu-let-7k,UGAGGUAGGAGGUUGUGUG,GAGGUAG
mmu-miR-6537-5p,GUGAGUUUCUCCCACUGGUGAC,UGAGUUU
mmu-miR-6537-3p,UUAUCAGGUGGAAGAACUCAGCU,UAUCAGG
mmu-miR-6538,CGCGGGCUCCGGGGCGGCG,GCGGGCU
mmu-miR-6539,GCACAGUGAUGAACUCUGAGGGCU,CACAGUG
mmu-miR-6540-5p,CUAAGGCAGGCAGACUUCAGUG,UAAGGCA
mmu-miR-6540-3p,UCUGAAGCUUGCUUACCUCCA,CUGAAGC
mmu-miR-3473e,GGGCUGGAGAGAUGGCUCGUA,GGCUGGA
mmu-miR-6541,CACAGGCAAGGACUUCUCAAG,ACAGGCA
mmu-miR-6896-5p,UUUGUAGGCGACGAGAACCCGU,UUGUAGG
mmu-miR-6896-3p,UUUCUCUCUCUCACCUACAAAC,UUCUCUC
mmu-miR-6897-5p,UGGGGGCAGUGUCACACGCUGUU,GGGGGCA
mmu-miR-6897-3p,CGGUCUGUGUUCUUCCCCCAG,GGUCUGU
mmu-miR-6898-5p,UGUAAGGGGAGAUGCAGGGAGC,GUAAGGG
mmu-miR-6898-3p,AAGUCUCUUUGUACCUUCUCU,AGUCUCU
mmu-miR-6899-5p,AGCAGAACGCAGCGGGCAUGA,GCAGAAC
mmu-miR-6899-3p,UUGUCCUUCUGUGUCUUCUGCAG,UGUCCUU
mmu-miR-6900-5p,UGCCAGGAGAAGCCUAGAGCCGUC,GCCAGGA
mmu-miR-6900-3p,UGGUGAUGGGCUCUCUUGUAG,GGUGAUG
mmu-miR-6901-5p,UGCAGGAAUGCAGAGGACCU,GCAGGAA
mmu-miR-6901-3p,GACCUUCUGUGUUCUUGCAG,ACCUUCU
mmu-miR-6902-5p,UUCCUCACAUUGUCACAUGAAG,UCCUCAC
mmu-miR-6902-3p,CCAUGUGAUGUGUGGGUUCAG,CAUGUGA
mmu-miR-6903-5p,UUGGGAAAAGCAGUACUUACCA,UGGGAAA
mmu-miR-6903-3p,UGUGUGUCUGUUUUUCCCAG,GUGUGUC
mmu-miR-6904-5p,UCCUGGGGUUAGAGUUGAGUGG,CCUGGGG
mmu-miR-6904-3p,UCUGAUCUCUUACCCCAG,CUGAUCU
mmu-miR-6905-5p,ACUGGGCAGGUUGGGUUGAAUGA,CUGGGCA
mmu-miR-6905-3p,AAAUAACCUUAUCUGCCCGAU,AAUAACC
mmu-miR-6906-5p,AUGGAUGGGCAGACGGACAGACAG,UGGAUGG
mmu-miR-6906-3p,GAAUUCCGGUCUCCUCUCCAG,AAUUCCG
mmu-miR-6907-5p,UUCUGGGACACAGGGAGGCUCG,UCUGGGA
mmu-miR-6907-3p,AACGUGCGUUUCUUUUGUGUCCU,ACGUGCG
mmu-miR-6908-5p,UUGCCUGUCAGGGAGAGCCCCA,UGCCUGU
mmu-miR-6908-3p,ACACUCUCCCUUGUGCUGGCAG,CACUCUC
mmu-miR-6909-5p,CAGGGGGGCUGGAAUGGGCACU,AGGGGGG
mmu-miR-6909-3p,UGCCUUCCCCGGCCUCCCACAG,GCCUUCC
mmu-miR-6910-5p,UGGGGGUAGGGCACCAGUGGGCA,GGGGGUA
mmu-miR-6910-3p,UCAUGGUUUCCACCCUUUGUCC,CAUGGUU
mmu-miR-6911-5p,UGGGCUGAGUGGGUCUGUGGCAU,GGGCUGA
mmu-miR-6911-3p,UCAAUCACACUCUGUCCACAG,CAAUCAC
mmu-miR-6912-5p,UACAGGGAGGGUGCUCAGGCAG,ACAGGGA
mmu-miR-6912-3p,CUACCUGAGGGUCUCCUUCCUGCAG,UACCUGA
mmu-miR-6913-5p,UGGGAGACCAGUCAGGUGUUGG,GGGAGAC
mmu-miR-6913-3p,UCUCUACUGAUUUGUCUCCUCAG,CUCUACU
mmu-miR-6914-5p,UCCUGGGGUGGUGGUGGCCACAGA,CCUGGGG
mmu-miR-6914-3p,UCUGUCCACCUCUUCCCAG,CUGUCCA
mmu-miR-6915-5p,AGGUCAGAGCAGAUGGAGGUUCGU,GGUCAGA
mmu-miR-6915-3p,CAACUUCCUUCCUCGUGCCCAG,AACUUCC
mmu-miR-6916-5p,CAGGAGGAUGGAGAUGAGUCA,AGGAGGA
mmu-miR-6916-3p,CUUGGUCUCCCUCUUCCUACAG,UUGGUCU
mmu-miR-6917-5p,UGUGGAAGGGGAGUUGUGCCG,GUGGAAG
mmu-miR-6917-3p,GUCACUUCUCUUCCCACCACAG,UCACUUC
mmu-miR-6918-5p,UGCUGAGGACGGGAUUAGGUUCU,GCUGAGG
mmu-miR-6918-3p,UGAGCCUGUGCCCUUCUCACAG,GAGCCUG
mmu-miR-6919-5p,UAGGCCACUGGAGGUGGAAUUGU,AGGCCAC
mmu-miR-6919-3p,GCUCCUCCUCCUGGCCCACAG,CUCCUCC
mmu-miR-6920-5p,ACACAAUGGAAAGACUGCUUGU,CACAAUG
mmu-miR-6920-3p,CACUGCCCUUUUCCAUUGCCU,ACUGCCC
mmu-miR-6921-5p,UGAGGGGCAUGAGGUAGGAAGC,GAGGGGC
mmu-miR-6921-3p,UGACUACUCCUUGCCUCUCAG,GACUACU
mmu-miR-6922-5p,UGUGGGAGGGGACUGUAGAGAGG,GUGGGAG
mmu-miR-6922-3p,UGUUCUGCUCACCCUUCUCACAG,GUUCUGC
mmu-miR-6923-5p,GUGAGGGCAGGAGGAUUGGGGUGU,UGAGGGC
mmu-miR-6923-3p,ACACUCCCUCCUCCUCCCCAG,CACUCCC
mmu-miR-6924-5p,AGAGGAUGGGGAUUUGGCGAAGU,GAGGAUG
mmu-miR-6924-3p,UCCUUAAUCCCCACCCUUCAG,CCUUAAU
mmu-miR-6925-5p,UGAGGAAGAGAAGGCUUGGACU,GAGGAAG
mmu-miR-6925-3p,UCCCCUUUUAUCCCUCAG,CCCCUUU
mmu-miR-6926-5p,UCAGUGGGGUGAGGGAUGGUGA,CAGUGGG
mmu-miR-6926-3p,UCACCAUCCCUGUCUCCAUAG,CACCAUC
mmu-miR-6927-5p,GUGAGGGGAUCCAGCCCAGGCU,UGAGGGG
mmu-miR-6927-3p,CCUGAGCUGGCUCCCCUGCAG,CUGAGCU
mmu-miR-6928-5p,AGGGGAUUUGCAUGGACUGCACU,GGGGAUU
mmu-miR-6928-3p,AAGCUGUUCCUGUACUCUCCAG,AGCUGUU
mmu-miR-6929-5p,AGGGAGGAGCAGCAUCUGUGA,GGGAGGA
mmu-miR-6929-3p,CAGGUGCUGUCUUCUUCUUCCAG,AGGUGCU
mmu-miR-6930-5p,AAGGGGGUGCUUGAGAGGUUUGG,AGGGGGU
mmu-miR-6930-3p,CUGGCCUCUCCAUACUCCCAG,UGGCCUC
mmu-miR-6931-5p,UGGGGUGGGGAGUGGGGGACU,GGGGUGG
mmu-miR-6931-3p,CCCAACCUCUUCAUACCCCAG,CCAACCU
mmu-miR-6932-5p,UUGUAGGUGAAGUAGACUUGGC,UGUAGGU
mmu-miR-6932-3p,UCUGUUCUGCUUCCUCUGCAG,CUGUUCU
mmu-miR-6933-5p,UGGCGGCAGUCAGGAUACCUGU,GGCGGCA
mmu-miR-6933-3p,AGGUGUUUCCUCUGCCGUCA,GGUGUUU
mmu-miR-6934-5p,UUGGUGGAGACAGCAAGGGUGG,UGGUGGA
mmu-miR-6934-3p,ACCUCUGCUCCUGCCCCACCAG,CCUCUGC
mmu-miR-6935-5p,UGUGGGAGGCUCAGGGCCCCUG,GUGGGAG
mmu-miR-6935-3p,UGUUCUUUGUCUUUCCACAG,GUUCUUU
mmu-miR-6936-5p,GUGAGCCACUGCCGUGCCCGC,UGAGCCA
mmu-miR-6936-3p,CGGCGCGCGCGGUCGCUCACC,GGCGCGC
mmu-miR-6937-5p,UAGCUGUAAGGGCUGGGUCUGUGU,AGCUGUA
mmu-miR-6937-3p,UCACAGGUUCCCCCUUGCACUAG,CACAGGU
mmu-miR-6938-5p,UUGGAGCUAGCUCCAGAGAGAGU,UGGAGCU
mmu-miR-6938-3p,UCAUCUGGGGCUGUCUCCUUAG,CAUCUGG
mmu-miR-6939-5p,CAGGCAGCUGGUUGGUGGAAG,AGGCAGC
mmu-miR-6939-3p,CCUCACUUGACCCGCUGCAG,CUCACUU
mmu-miR-6940-5p,AGGGCUGGCUGGAAGGUUUUUCG,GGGCUGG
mmu-miR-6940-3p,UUACCUUCCGUGCUUGCCCGCAG,UACCUUC
mmu-miR-6941-5p,CUGGGGGACUGACGGGUAGCU,UGGGGGA
mmu-miR-6941-3p,CUAACUCGGCUGCUCCCAAAG,UAACUCG
mmu-miR-6942-5p,UAGGAGGAGGGGAACAUUUGC,AGGAGGA
mmu-miR-6942-3p,UUAUGGUUCUCUCCACCUCUCA,UAUGGUU
mmu-miR-6943-5p,UGGGGUGAGGUUGGAAGCUA,GGGGUGA
mmu-miR-6943-3p,CUGCUUCCAUACCCCUACCCAG,UGCUUCC
mmu-miR-6944-5p,GUGAGAGCGGGGGGAGUGGCAAG,UGAGAGC
mmu-miR-6944-3p,UAACUCUUCCCUUGUGCCCUCAG,AACUCUU
mmu-miR-6945-5p,UCCUGGGAGGGGCAGCCCCUGG,CCUGGGA
mmu-miR-6945-3p,UCUGAGCUCUGCCCUUCCCAU,CUGAGCU
mmu-miR-6946-5p,AAAAGGGAGAGAAAGAAAUGC,AAAGGGA
mmu-miR-6946-3p,UUUCUUCUCUUCCCUUUCAG,UUCUUCU
mmu-miR-6947-5p,CAUCCAGUGGAGAGGCUCGUG,AUCCAGU
mmu-miR-6947-3p,GCAGCCUCUUUCCCUGGCAUCA,CAGCCUC
mmu-miR-6948-5p,AGUUCAGACAGGACUGUGACAC,GUUCAGA
mmu-miR-6948-3p,UGUCCUUCCUGUCUGACCACA,GUCCUUC
mmu-miR-6949-5p,AAAGUGGGUCUAGAAAGAGGUGA,AAGUGGG
mmu-miR-6949-3p,UUCCCCUUUUUCUAUCCACAG,UCCCCUU
mmu-miR-6950-5p,UCCUGGAGUGGAGGACAGUCAGA,CCUGGAG
mmu-miR-6950-3p,CUCUGUCUUGAUCCUCUCCAG,UCUGUCU
mmu-miR-6951-5p,UUGUAUUUGUGUGAUUAAAGU,UGUAUUU
mmu-miR-6951-3p,CUUUUUUCUUCACAAAUACAG,UUUUUUC
mmu-miR-6952-5p,AUGGUGGGCGGUGAAACAGAGA,UGGUGGG
mmu-miR-6952-3p,UCUCUGACUCUGCCUCCCACAG,CUCUGAC
mmu-miR-6953-5p,AAGGGGCAGGGGCAGGGAUUCAAGUG,AGGGGCA
mmu-miR-6953-3p,CUGACCCAGCCUCUAUGUCCCCAG,UGACCCA
mmu-miR-6954-5p,UGGGGCAGUUCUGGGGGCAGAU,GGGGCAG
mmu-miR-6954-3p,UGCAGCCAGCUCUUCCCCUAG,GCAGCCA
mmu-miR-6955-5p,AGGGCCUCAGGACUCAGGAGGUGA,GGGCCUC
mmu-miR-6955-3p,ACACCUGUCUCCUUUGCCCACA,CACCUGU
mmu-miR-6956-5p,UGAGUGGGUGGGACUGGCCU,GAGUGGG
mmu-miR-6956-3p,UGACCGGCCUAUCCUCUCAG,GACCGGC
mmu-miR-6957-5p,CAGAAGAGAGACAGGAUCUAG,AGAAGAG
mmu-miR-6957-3p,UGGAUCUCUUGUUUUCUCUUCC,GGAUCUC
mmu-miR-6958-5p,GUGGGAGAAGAGGCUGCUGUGG,UGGGAGA
mmu-miR-6958-3p,UCAGCUGCCUCUUGCCAUCACAG,CAGCUGC
mmu-miR-6959-5p,UGGGAAACCUGUGUCGGGCUGUG,GGGAAAC
mmu-miR-6959-3p,CUGCACCGACCUGCUCUCCCAG,UGCACCG
mmu-miR-6960-5p,CAGGAUGAGAAGAGUUUGGCUG,AGGAUGA
mmu-miR-6960-3p,AGCCAACCACCUCUCUCCUCAG,GCCAACC
mmu-miR-6961-5p,UGACUGGGAAGGAAAUGGCC,GACUGGG
mmu-miR-6961-3p,UCCUCUUUCUUCCUGGCUCUAG,CCUCUUU
mmu-miR-6962-5p,AAGGACCUGGUGGGAGAUCU,AGGACCU
mmu-miR-6962-3p,UAUCUGCCCUUCCCUGUCCUAU,AUCUGCC
mmu-miR-6963-5p,GGUGGGAUGGAUGGCAGAACCUGG,GUGGGAU
mmu-miR-6963-3p,UGCCUCUUGCCUCCAUCCCACAG,GCCUCUU
mmu-miR-6964-5p,UUGGGGUGUGAGACUGGAAAC,UGGGGUG
mmu-miR-6964-3p,UUUCUUGUCUUCCACUCUAG,UUCUUGU
mmu-miR-6965-5p,AGAGGGAGGCUAUUGGGCAGGAGA,GAGGGAG
mmu-miR-6965-3p,UCUGUGCUCGGUCUCGCUCCAG,CUGUGCU
mmu-miR-3547-5p,GUGGGAAGAGGGGUGGGGCCCGGGA,UGGGAAG
mmu-miR-3547-3p,UGAGCACCACCCCUCUCUCAG,GAGCACC
mmu-miR-6966-5p,CUCGGGGAUGUGGACAGCACA,UCGGGGA
mmu-miR-6966-3p,UGCUGUGUGCUUCCUCUGCAG,GCUGUGU
mmu-miR-6967-5p,CAGGGAGGGAUAAAGACCAGU,AGGGAGG
mmu-miR-6967-3p,UCAUCUUUAUCUCUCCCCAG,CAUCUUU
mmu-miR-6968-5p,AGGGGGCGAGGGGGCCCUGUGG,GGGGGCG
mmu-miR-6968-3p,ACAAGCGCUGUCUCCCCUCCAG,CAAGCGC
mmu-miR-6969-5p,CAGCAGAGUAGGGAGCAAAAGA,AGCAGAG
mmu-miR-6969-3p,UGUUGUUCCCAUCUCUGCAG,GUUGUUC
mmu-miR-6970-5p,GUAAGUUCAGGGCUGGGAGCAGAGA,UAAGUUC
mmu-miR-6970-3p,UCACGCCACCCACCCUGUGCU,CACGCCA
mmu-miR-6971-5p,UGGGGGAGGGUGUAGAGGCU,GGGGGAG
mmu-miR-6971-3p,ACAGCCUCUGCUUCUUCUCAG,CAGCCUC
mmu-miR-6972-5p,GCUGGAGGCACAGGGCAGAACAG,CUGGAGG
mmu-miR-6972-3p,UUACUGUACCUGUCUCCAUAG,UACUGUA
mmu-miR-6973a-5p,UACGGUGGGAGGGGUGGAGUUG,ACGGUGG
mmu-miR-6973a-3p,CACUCUAACCCUACCUACCCAU,ACUCUAA
mmu-miR-6974-5p,GUGAGGCAGCAAGAGAUUGGGGGU,UGAGGCA
mmu-miR-6974-3p,UCUCCACUCUCUUCUGUCCCAG,CUCCACU
mmu-miR-6975-5p,GCUGGGGAGAAAGGGGUUUGGCA,CUGGGGA
mmu-miR-6975-3p,UCUCUCCUUUCUCCUCCUAG,CUCUCCU
mmu-miR-6976-5p,CAGGGAAGUUGAGAGGAAAAUUG,AGGGAAG
mmu-miR-6976-3p,AUCUCCCUCCCAACUCCCCAG,UCUCCCU
mmu-miR-6977-5p,GUGAGGCGCUGUGGGCACGGCUUGG,UGAGGCG
mmu-miR-6977-3p,AAGGCGUUGCCUGACCCUGACC,AGGCGUU
mmu-miR-6978-5p,AAGGGGUGAGAGAGAAGCUGGUG,AGGGGUG
mmu-miR-6978-3p,ACGGCUUCACUCUCACCCUGCAG,CGGCUUC
mmu-miR-6979-5p,GGGGAGGCGCAGAGACUGAG,GGGAGGC
mmu-miR-6979-3p,UUGUGUCUGUCUGGCUCCCAG,UGUGUCU
mmu-miR-6980-5p,GUGGGGGGGGAGGCUAGGUUAG,UGGGGGG
mmu-miR-6980-3p,UGACUUGCCUUCCACCCCAG,GACUUGC
mmu-miR-6981-5p,GUGAGGAGAAGGAAGAGGCUGAAGGC,UGAGGAG
mmu-miR-6981-3p,CAACAGCCUACUGUCUCCUCAG,AACAGCC
mmu-miR-6982-5p,CUGGAGGAUCGCAGGGGUGGCCUGG,UGGAGGA
mmu-miR-6982-3p,UGGCCCCUCUGCCCCUUCCAG,GGCCCCU
mmu-miR-6983-5p,UUGGAAGGGCAUACUGAUUCGG,UGGAAGG
mmu-miR-6983-3p,UGAAUCAAAGUCUGUUGUUCCAG,GAAUCAA
mmu-miR-6984-5p,ACUGAAAGGCAAUGAAGGAGGAGC,CUGAAAG
mmu-miR-6984-3p,UACUUUCUUUCCUGUCUUUCU,ACUUUCU
mmu-miR-6985-5p,UACUGAGGGGUGGCUGCUAUGU,ACUGAGG
mmu-miR-6985-3p,CUCACAGCCACCUCCUCACAG,UCACAGC
mmu-miR-6986-5p,AGGGGAGCUAGGUAGAAAGCCA,GGGGAGC
mmu-miR-6986-3p,GUUUUCACCUUCCUCCCAG,UUUUCAC
mmu-miR-6987-5p,UGGGACAGGGUGACAGGGUGAG,GGGACAG
mmu-miR-6987-3p,CACCCAUUUCUCCCUGCUUCCAG,ACCCAUU
mmu-miR-6988-5p,GGGGUGGAGAGCUGAGGCCCA,GGGUGGA
mmu-miR-6988-3p,UGACCUCUGUAUCUCCUGCCAG,GACCUCU
mmu-miR-6989-5p,UUGGGGACAGAGGCACAGGAUG,UGGGGAC
mmu-miR-6989-3p,UGUCCACUGUCUCUGGUCCCAG,GUCCACU
mmu-miR-6990-5p,CCCAGGGUGAGUCAGGGCUCU,CCAGGGU
mmu-miR-6990-3p,AGCCCUGCCUCUUCCUGGCAG,GCCCUGC
mmu-miR-6991-5p,UGGAGAACAGGGACUGGGCCUG,GGAGAAC
mmu-miR-6991-3p,GCAGCCCUUUGUUCUUCUCCAG,CAGCCCU
mmu-miR-6992-5p,UGCCUGUGAUGGUUUGGCUGAGU,GCCUGUG
mmu-miR-6992-3p,UCUCACUGAUGAUCAUUUGCAG,CUCACUG
mmu-miR-6993-5p,AGUGGGAGAAACGGGUGUCUGUC,GUGGGAG
mmu-miR-6993-3p,CUUGCGUUUGUUUCCUCACAG,UUGCGUU
mmu-miR-6994-5p,ACAAAGGUGGGUGAAGCCGGUGA,CAAAGGU
mmu-miR-6994-3p,AACGAUCUUCUCCGUCUUUGC,ACGAUCU
mmu-miR-6995-5p,CUGGGAGUAGAAGGGGGAAACCA,UGGGAGU
mmu-miR-6995-3p,UGUGUCCCCUUCCUCUCACAG,GUGUCCC
mmu-miR-6996-5p,UGCACAGGACAGAGCACAGUC,GCACAGG
mmu-miR-6996-3p,CGGUGUCUCUGGUCACUCUGCAG,GGUGUCU
mmu-miR-6997-5p,UAACAGGCUGGAGAGGUGCAGA,AACAGGC
mmu-miR-6997-3p,UCAAACCUUACCCUCCUGUUUCC,CAAACCU
mmu-miR-6998-5p,CUGGGCAGAGGGCAAAGUGACU,UGGGCAG
mmu-miR-6998-3p,AGAGCUGCUCUGUGCCCACACA,GAGCUGC
mmu-miR-6999-5p,AAGGAAGGAGAGUCAGCAAGCAC,AGGAAGG
mmu-miR-6999-3p,CUUCAGCUGUCCUCCUUUCUGU,UUCAGCU
mmu-miR-7000-5p,AGGGGACAGGUAUCUGGACAGA,GGGGACA
mmu-miR-7000-3p,CACCCACCUGCCUGUCCUCCAG,ACCCACC
mmu-miR-7001-5p,AGGCAGGGUGUGAGCGUGAGCAU,GGCAGGG
mmu-miR-7001-3p,CGCUCACACUCCCUCUGCAG,GCUCACA
mmu-miR-7002-5p,UUGGCUUCGGGGAGUACGUGG,UGGCUUC
mmu-miR-7002-3p,UUGUGCUUCCCCUUGCCAG,UGUGCUU
mmu-miR-6973b-5p,GUAGGUAUGGGGAGAGGACAGGGA,UAGGUAU
mmu-miR-6973b-3p,UGCUCUCUUACCCUUCCUAG,GCUCUCU
mmu-miR-7003-5p,UGUGGGGAGAAGCUGCGGCAG,GUGGGGA
mmu-miR-7003-3p,CCCCGGGUUUUCCCCACAG,CCCGGGU
mmu-miR-7004-5p,UUCCGUGGAUGAGGCCUGUGCCGU,UCCGUGG
mmu-miR-7004-3p,CCCACUCCCUCCUUCACGCAG,CCACUCC
mmu-miR-7005-5p,CCUGGGGAUGGGAGGACCAGCA,CUGGGGA
mmu-miR-7005-3p,CUGUGCCUGCUACCCAUCCCUUGCA,UGUGCCU
mmu-miR-7006-5p,UGGGGGUGUUCAAGACUUGGGAACC,GGGGGUG
mmu-miR-7006-3p,UUUCUGACCUGGAUCCCCAG,UUCUGAC
mmu-miR-7007-5p,UCAGAAGAGGCAGUGGAGGAGAU,CAGAAGA
mmu-miR-7007-3p,CCCAUCCACGUUUCUUCU,CCAUCCA
mmu-miR-7008-5p,UGUGGGAGAUGCCAGGAGCCGUAC,GUGGGAG
mmu-miR-7008-3p,UGUGCUUCUUGCCUCUUCUCAG,GUGCUUC
mmu-miR-7009-5p,UUGGGGUCAGGGGACCAGAGCU,UGGGGUC
mmu-miR-7009-3p,UCUUUUCCCCUCUCCCUGCAG,CUUUUCC
mmu-miR-7010-5p,CGGAAAGGAUUGGGAAACUUGA,GGAAAGG
mmu-miR-7010-3p,AGGUUCUCCUUUCCUUUGCAG,GGUUCUC
mmu-miR-7011-5p,AGGAGGAUGGGAGAGGGAGGUGU,GGAGGAU
mmu-miR-7011-3p,UCUGCUUCCCUCCUCCUCUAG,CUGCUUC
mmu-miR-7012-5p,AAGGAGAGGAGUUGGCAGGGACU,AGGAGAG
mmu-miR-7012-3p,UGACCUGUGGCUCCUCUCCCAG,GACCUGU
mmu-miR-7013-5p,UAUGAAGAGGCCAGUGUUGUAG,AUGAAGA
mmu-miR-7013-3p,CCACACUUACUGUUGCCUCUUCCU,CACACUU
mmu-miR-7014-5p,UUGGGUGCUGUGGAAGGGACAG,UGGGUGC
mmu-miR-7014-3p,CCUCUUUCAUACCAACCACAG,CUCUUUC
mmu-miR-7015-5p,UCUGUGCAGUAGGCUGUGGGUUC,CUGUGCA
mmu-miR-7015-3p,UCUCACUGUCCUCUGCACUAG,CUCACUG
mmu-miR-7016-5p,CAGGGAGGGGAGCGAGAGUAG,AGGGAGG
mmu-miR-7016-3p,ACCUGCCUCCUGCUCUCCCCAG,CCUGCCU
mmu-miR-7017-5p,AGAGGGUUGUGAGACUAGGGCUGU,GAGGGUU
mmu-miR-7017-3p,ACCCUGCUCCUCUCCCUCCAG,CCCUGCU
mmu-miR-7018-5p,GUGAGCAGACAGGGAGUGGUGGGG,UGAGCAG
mmu-miR-7018-3p,UCACCCUGCUGCCGGCUUGCAG,CACCCUG
mmu-miR-7019-5p,AUCUGGGAGGGGCUGUCAGGAGU,UCUGGGA
mmu-miR-7019-3p,UCACCUUGGCCGCCUCUCUGCAG,CACCUUG
mmu-miR-7020-5p,UGGGAUGGUGGAGAGGGUGACCAG,GGGAUGG
mmu-miR-7020-3p,AACCCCUCUCUUCUCUCCCAG,ACCCCUC
mmu-miR-7021-5p,AUAGGAGUUGAUUACAGAGCAA,UAGGAGU
mmu-miR-7021-3p,UCUCUGUGCUUCUGCUCCUUAG,CUCUGUG
mmu-miR-7022-5p,CCUGGCAAGGAAGGGCUCUGUUU,CUGGCAA
mmu-miR-7022-3p,ACAAGCCUGACCUCUGCCCCCA,CAAGCCU
mmu-miR-7023-5p,AUGGGGGAGCUGGGAUUGGGCGU,UGGGGGA
mmu-miR-7023-3p,UCACCCUGUCUGCGCCCCUCAG,CACCCUG
mmu-miR-7024-5p,UUGGGGGAUGGGUUGCUUGGC,UGGGGGA
mmu-miR-7024-3p,CCAGCAGUCCCUGCUCCCUACAG,CAGCAGU
mmu-miR-7025-5p,CGUGAGCUGAAGCUGGUGGCUCCC,GUGAGCU
mmu-miR-7025-3p,CAGCACAACUCCAGCUCACCAG,AGCACAA
mmu-miR-7026-5p,UUCUGAGACCAUGGGGUAUAU,UCUGAGA
mmu-miR-7026-3p,UGUGCUUUCUGGUCUUGGCUUAG,GUGCUUU
mmu-miR-7027-5p,UGGAAAGGAAGAAACAGCAGAGC,GGAAAGG
mmu-miR-7027-3p,UCGGGUUUCUCUCCUCUUCCAG,CGGGUUU
mmu-miR-7028-5p,UGGGCUGAGGCUUGGGUCAGGAG,GGGCUGA
mmu-miR-7028-3p,CCUUCUCUUCCCCCUCGGCCAG,CUUCUCU
mmu-miR-7029-5p,UCUGGACGCUCGGCUGCCAGCGC,CUGGACG
mmu-miR-7029-3p,UGUGGCUCUGUGUGUCCAGAUC,GUGGCUC
mmu-miR-7030-5p,UGGGGAGGUGGCUGUGCUAGUC,GGGGAGG
mmu-miR-7030-3p,CUUGCUCUGUUAUCUCUCCAG,UUGCUCU
mmu-miR-7031-5p,CCUGAGAGGCCUGAAGGGUGGGA,CUGAGAG
mmu-miR-7031-3p,AACCCUCUUGCCCUCUCCUAG,ACCCUCU
mmu-miR-7032-5p,CCCAGGGUGGUCCCCGAGAGGGUGGU,CCAGGGU
mmu-miR-7032-3p,AUCCUCUCGGUACCGCCCUGCA,UCCUCUC
mmu-miR-7033-5p,UCUCCAGGAGUCUGAGGGGCAGG,CUCCAGG
mmu-miR-7033-3p,UGCCUCCAUUCUCUUGGGCAG,GCCUCCA
mmu-miR-7034-5p,UCCGGGAGGGAUGGAUGUGCU,CCGGGAG
mmu-miR-7034-3p,UUGGCCUUCCUUCCCUACCCUACA,UGGCCUU
mmu-miR-7035-5p,GGCUGGGAGAGUGGCUCAGAA,GCUGGGA
mmu-miR-7035-3p,UCUGAGCCGCUGUCCCUGCAG,CUGAGCC
mmu-miR-7036a-5p,AGCGGGGUUCGGUGGGGAAGAGA,GCGGGGU
mmu-miR-7036a-3p,CCGUCCUCAUCCGCUCCUCCCAG,CGUCCUC
mmu-miR-7037-5p,AAGGUGGCCACAGGAGAUCAUGGU,AGGUGGC
mmu-miR-7037-3p,UGUCUCCUAAUGUCACCUGCAG,GUCUCCU
mmu-miR-7038-5p,UGUAGAAGGAAGGGCUGCUGUG,GUAGAAG
mmu-miR-7038-3p,CACUGCUCCUGCCUUCUUACAG,ACUGCUC
mmu-miR-7039-5p,AGAGGGAUGGAGAGCAUCGCGU,GAGGGAU
mmu-miR-7039-3p,CCUGUUCUGCCCUCCCUUCCAG,CUGUUCU
mmu-miR-7040-5p,CAUACGGAGGGAGAUGGAGGCG,AUACGGA
mmu-miR-7040-3p,CGCCACCCUCUCUCUCACGUAG,GCCACCC
mmu-miR-7041-5p,AGAGGGAAUGGAGACUCAGUUGA,GAGGGAA
mmu-miR-7041-3p,UGGUUCUCUUCUUCCCUCAG,GGUUCUC
mmu-miR-7042-5p,UAGAGACAGCAGAAGGGCCAC,AGAGACA
mmu-miR-7042-3p,UGUCCCUUUGUUUUCUCUCAG,GUCCCUU
mmu-miR-7043-5p,UGUGAAAGCAGAGAGGCAUUUUU,GUGAAAG
mmu-miR-7043-3p,ACUGUGCCUCUCUGUUUUCAG,CUGUGCC
mmu-miR-7044-5p,GUGUGGUGGUGGUGGCGGC,UGUGGUG
mmu-miR-7044-3p,AUGCAGCCCCGACCCUCACAG,UGCAGCC
mmu-miR-7045-5p,AGCGGGUGGGGGAGGGGGACU,GCGGGUG
mmu-miR-7045-3p,UCUCCCCCCUCCCCCGCACAG,CUCCCCC
mmu-miR-7046-5p,UGUAGGGUGAGGCUGGGAGCCAGG,GUAGGGU
mmu-miR-7046-3p,UGAACCACCCAUCCCCCUACAG,GAACCAC
mmu-miR-7047-5p,UGAGGGAGGAGGGCUGGGUCUGA,GAGGGAG
mmu-miR-7047-3p,UCACCCUCACCCUUCCUCCUUCC,CACCCUC
mmu-miR-7048-5p,CGGGGCUGAGAGGUGAGGAAGC,GGGGCUG
mmu-miR-7048-3p,UCUUCCAUUCUCUUUCCCCAG,CUUCCAU
mmu-miR-7049-5p,UCUGAAGGCAGUCAGGUAGGCGG,CUGAAGG
mmu-miR-7049-3p,UGCAGCCCCUGUCUGCCUCAG,GCAGCCC
mmu-miR-7050-5p,ACAGGAGAAGGGGGUGAGAGA,CAGGAGA
mmu-miR-7050-3p,UCUCAGCCUUUAUCUCCCCAG,CUCAGCC
mmu-miR-7051-5p,UCACCAGGAGGAAGUUGGGUCA,CACCAGG
mmu-miR-7051-3p,UGAGCCACUGAUUCCUGUGUGC,GAGCCAC
mmu-miR-7052-5p,UGUGGGAAGGUGGAGGCCUUU,GUGGGAA
mmu-miR-7052-3p,GCUCUGCCCCCUCCUUCCCAG,CUCUGCC
mmu-miR-7053-5p,UGGGGAAAGGCAGGCUACUGG,GGGGAAA
mmu-miR-7053-3p,CUCCUGUGUCUCCUUCCCCAG,UCCUGUG
mmu-miR-7054-5p,UAGGAAGGUGGUUGGGCUGAGUACU,AGGAAGG
mmu-miR-7054-3p,UCCAACUUGGCCCCUUCCAG,CCAACUU
mmu-miR-7055-5p,UCAGUGGGUUAUCUGAGUUGG,CAGUGGG
mmu-miR-7055-3p,UUGCUACUUUGAUACCCCACCAG,UGCUACU
mmu-miR-7056-5p,UGUGGAGGAGGACAGAGAGGUU,GUGGAGG
mmu-miR-7056-3p,CCUCACCUGUCUCCCACCACAG,CUCACCU
mmu-miR-7057-5p,CAGGAGAGGACUCAAGUU,AGGAGAG
mmu-miR-7057-3p,UAAUUUGAUGUCUUUCUCCACC,AAUUUGA
mmu-miR-7058-5p,UAGAGGGGAGGUGACCGUGGAAGU,AGAGGGG
mmu-miR-7058-3p,CUCGUUCCUUCCUUUCUUCCAG,UCGUUCC
mmu-miR-7059-5p,ACCGGGGACUGCGGCUUUCAGU,CCGGGGA
mmu-miR-7059-3p,UGUUUGCUGUUUGUCCUCCCAG,GUUUGCU
mmu-miR-7060-5p,GUGAGUGCUGGGUAGAAUGGGA,UGAGUGC
mmu-miR-7060-3p,UCUACUCUACCUUCUACUCAG,CUACUCU
mmu-miR-7061-5p,UAUGGAAAUAGGAGGUGAUUUU,AUGGAAA
mmu-miR-7061-3p,UAUCCCUUUUAUUUCCUUUUAG,AUCCCUU
mmu-miR-7062-5p,UGGAGGCCAGCUUGUGGAGUGUCU,GGAGGCC
mmu-miR-7062-3p,ACUAACUUCUCCUGGCCCCACAG,CUAACUU
mmu-miR-7063-5p,AUGAGAGGUGCAGGCUGAGCACA,UGAGAGG
mmu-miR-7063-3p,UGCUCUCUGCCCCUCUUAAG,GCUCUCU
mmu-miR-7064-5p,UCAGAGGCAUAAAGGUCAUUUGCU,CAGAGGC
mmu-miR-7064-3p,CAGGGCCCUUUAUGUCUCUCU,AGGGCCC
mmu-miR-7065-5p,AGUGUAGCAGGUAAACCAGGA,GUGUAGC
mmu-miR-7065-3p,UUGGUUUUCCUGUUUGCACAG,UGGUUUU
mmu-miR-7066-5p,UGGGUUGGGAAAUGAGUAGAGG,GGGUUGG
mmu-miR-7066-3p,UCUACCCAUUGCCUGCCUCCCAG,CUACCCA
mmu-miR-7067-5p,UGCAGGGGGUGGUUGCACACGGA,GCAGGGG
mmu-miR-7067-3p,UGAUUGCUUCCCUCCCCACAG,GAUUGCU
mmu-miR-6769b-5p,CCUGGUGGGUGGGGAAGAGC,CUGGUGG
mmu-miR-6769b-3p,CAUCUUCCCUGUCCCACCCAG,AUCUUCC
mmu-miR-7068-5p,GUGAGGCUCAGUAUGGGGUGG,UGAGGCU
mmu-miR-7068-3p,UCACCCUGGACUGACUCUCAG,CACCCUG
mmu-miR-7069-5p,UUGGGGGCCUGGGAGGGUGACAC,UGGGGGC
mmu-miR-7069-3p,CCUGCCCUGCCAACCCCUACA,CUGCCCU
mmu-miR-7070-5p,GUGAGGGGAGCUGAGGCAGGA,UGAGGGG
mmu-miR-7070-3p,CAGGCUCUCCUUCCCUCCAG,AGGCUCU
mmu-miR-7071-5p,CCCGGGAGCGAGGUGCUGCAGCG,CCGGGAG
mmu-miR-7071-3p,CUGACGUCUCGGUUCCCGCAG,UGACGUC
mmu-miR-7072-5p,GAGGGGAGACAAGAGGCAAGGC,AGGGGAG
mmu-miR-7072-3p,CUAGCUUCUCUUCUUCCCCAG,UAGCUUC
mmu-miR-7073-5p,UGGGGGAAUUGAAAGACUAUGA,GGGGGAA
mmu-miR-7073-3p,AUAGCCUUUUCCUCCCCAACAG,UAGCCUU
mmu-miR-7074-5p,UGGGAAGAGGCUAGGGCUCCAGU,GGGAAGA
mmu-miR-7074-3p,UAGGCCUUCUCCUCUCCCUGCAG,AGGCCUU
mmu-miR-7075-5p,CGGGGAGGAGGACAUGGUUUU,GGGGAGG
mmu-miR-7075-3p,CAACCAUGUCUUCUUUCCCAG,AACCAUG
mmu-miR-7076-5p,AGGGGAGGUGGUAUGGUCUCA,GGGGAGG
mmu-miR-7076-3p,UGACUACCACUGUCUCCCCAG,GACUACC
mmu-miR-7077-5p,GGCCAAGGUCCCAUGGCAGGC,GCCAAGG
mmu-miR-7077-3p,CCUUCCAUGGCUCCUGGCAG,CUUCCAU
mmu-miR-7078-5p,UGUGGGUGGUAGGAGACGCU,GUGGGUG
mmu-miR-7078-3p,UACUUUUUUUAUCAUCCACAG,ACUUUUU
mmu-miR-7079-5p,AGGGCUGAGGCAGUGAGUCCUG,GGGCUGA
mmu-miR-7079-3p,UGACUUCUGUUCUCUUUCCAG,GACUUCU
mmu-miR-7080-5p,GUAGGAGCUGGAGGUGGGUUUGG,UAGGAGC
mmu-miR-7080-3p,CAGGCUCACCCCUCCGUUCCCU,AGGCUCA
mmu-miR-7081-5p,AGAGGAGGGUGCUCGGCCGGGGAUUA,GAGGAGG
mmu-miR-7081-3p,UUCCCCUGGUAUCCUCCUCACA,UCCCCUG
mmu-miR-7082-5p,UACGGGCAGGAGGAGGGGAGG,ACGGGCA
mmu-miR-7082-3p,GCCCCCCUUGCUGUCUGUCUCC,CCCCCCU
mmu-miR-7083-5p,UCGGGGCUGGACAAGCAGAGA,CGGGGCU
mmu-miR-7083-3p,UCUGCUCUCCUGGACCCCAG,CUGCUCU
mmu-miR-7084-5p,UAGAGGAUAGAGGUAGAGAGU,AGAGGAU
mmu-miR-7084-3p,GCCUCUGACCCCUGUCCUCUGC,CCUCUGA
mmu-miR-7085-5p,CAGUGGGGGCAGGCCAGCAGGA,AGUGGGG
mmu-miR-7085-3p,UAGCUGGCCUCUCCCCACCUUC,AGCUGGC
mmu-miR-7086-5p,AAGAGGAGAAAGGUUUGGGCA,AGAGGAG
mmu-miR-7086-3p,UCCGUUCUGAUAUCUCCUCAG,CCGUUCU
mmu-miR-7087-5p,AGGCAGGUGUGGAGCUGGUCU,GGCAGGU
mmu-miR-7087-3p,UGCUGGCUCUCUCCCCUGCCAG,GCUGGCU
mmu-miR-7088-5p,GCAAGUGGUGGUGAGGAGGGGAAAC,CAAGUGG
mmu-miR-7088-3p,UUGACCUUCCUCCAUUGCUUCC,UGACCUU
mmu-miR-7089-5p,CCGUGGGACCUACAGACUCCUGGG,CGUGGGA
mmu-miR-7089-3p,UCAGUGUCUGCUGUCUCCACAG,CAGUGUC
mmu-miR-7090-5p,UCUCAGAGUUGGGACACCAUGAG,CUCAGAG
mmu-miR-7090-3p,UUUGAUGUCUGACUUUGCAG,UUGAUGU
mmu-miR-7091-5p,GUAGGGGUGAUAGAUUCCAUGGC,UAGGGGU
mmu-miR-7091-3p,AGUGGCUUCUGUCGUCUCUAG,GUGGCUU
mmu-miR-7092-5p,AAAGGCAAACUCACAGAAUCAUU,AAGGCAA
mmu-miR-7092-3p,UGUUCUUUGUUUUGUUUGCCUUAG,GUUCUUU
mmu-miR-7093-5p,CAGGAUGACAGAAGGAAAACCU,AGGAUGA
mmu-miR-7093-3p,UUUCCAUCUGUCAUCCUGCAG,UUCCAUC
mmu-miR-7094-1-5p,UCUGAAGAGGAUACAGGGUCUGA,CUGAAGA
mmu-miR-7094-3p,UACUCUGCUGUUCUCUCCACA,ACUCUGC
mmu-miR-7094b-2-5p,UCUGGAGAGGAUACAGGGUCUGA,CUGGAGA
mmu-miR-7115-5p,UCGGGGGUUGUGGUGCCGAAUUGU,CGGGGGU
mmu-miR-7115-3p,ACUUGGUCCCCUGCCCCCACAG,CUUGGUC
mmu-miR-7116-5p,UGAAGACAUCAGGAAAAAAAA,GAAGACA
mmu-miR-7116-3p,UUUUUUUCCUUUGCCUUCUCAG,UUUUUUC
mmu-miR-7117-5p,UCUGGGGGCUCAGCUGAGGAUA,CUGGGGG
mmu-miR-7117-3p,UGUCCUUCUCUUUCCCCCAG,GUCCUUC
mmu-miR-7118-5p,UGGGGAAGGCGGGAGAGGGAAC,GGGGAAG
mmu-miR-7118-3p,UAACUCUACGUCCUCCUCCACA,AACUCUA
mmu-miR-7119-5p,CUGGGGGAUUGGGUGCCUUCU,UGGGGGA
mmu-miR-7119-3p,AAAAAACACCGUUUCCUCCAG,AAAAACA
mmu-miR-7210-5p,UAACAUUGUAGACAGGCACAAAG,AACAUUG
mmu-miR-7210-3p,UUAUAUGUAAGUAACAAUGUGGCU,UAUAUGU
mmu-miR-7211-5p,UCUUUCCCUCUGCCACUCCACC,CUUUCCC
mmu-miR-7211-3p,UGGAGUGACUGUAGGGAGGAUGC,GGAGUGA
mmu-miR-7212-5p,UCUGGGGGCUUGUGUGGUAGG,CUGGGGG
mmu-miR-7212-3p,UAACACACACGUCUCCAGGUC,AACACAC
mmu-miR-7213-5p,ACUGGGUCUCUUGAGGUAGC,CUGGGUC
mmu-miR-7213-3p,UACCUCAAGAGAGCCAGUCU,ACCUCAA
mmu-miR-7214-5p,UGUUUUCUGGGUUGGAAUGAGAA,GUUUUCU
mmu-miR-7214-3p,CUCAGUCCUGACCCCUUGAGCGCA,UCAGUCC
mmu-miR-7215-5p,GCUCUUUAUGUCCAAGCUGAGCUAC,CUCUUUA
mmu-miR-7215-3p,UGCUCUGAGAGGCAGAAAAGCGG,GCUCUGA
mmu-miR-7216-5p,UGGAGAGCUGGCAGAGGACCCAGA,GGAGAGC
mmu-miR-7216-3p,UGGAAUUUGGUCUUUUCCGGC,GGAAUUU
mmu-miR-7217-5p,AACUUGUAUCUUGUGAGACAGAAGG,ACUUGUA
mmu-miR-7217-3p,UGAGAACCCACAAGCAAGAAGA,GAGAACC
mmu-miR-7218-5p,UGCAGGGUUUAGUGUAGAGGG,GCAGGGU
mmu-miR-7218-3p,CUAACCUGUCAUUCUAGCCUGGGG,UAACCUG
mmu-miR-7219-5p,UGUGUUAGAGCUCAGGGUUGAGA,GUGUUAG
mmu-miR-7219-3p,UAUCCGGGUUUCUAACACACU,AUCCGGG
mmu-miR-7220-5p,GGUGAGCUCUUGGUACCUUGGC,GUGAGCU
mmu-miR-7220-3p,CCAGGAACAAGGUCUCAGUCCGA,CAGGAAC
mmu-miR-7221-5p,CGUCUCUUGGUCACAGGUGGG,GUCUCUU
mmu-miR-7221-3p,UGACUGUGGGCUGGGGACUGG,GACUGUG
mmu-miR-7222-5p,GGCACUUGCCAGGCUCUGAGCUGGACU,GCACUUG
mmu-miR-7222-3p,UCCAGGACAGUGGGCAGGAGCAG,CCAGGAC
mmu-miR-7223-5p,UAGCUUUGCUGAGGUGUCGG,AGCUUUG
mmu-miR-7223-3p,GUCUCGAACAAGCUAGG,UCUCGAA
mmu-miR-7224-5p,GGGUAGGCCCCUCAGUGAAGA,GGUAGGC
mmu-miR-7224-3p,UCCACUGAGAGGACCACCCAC,CCACUGA
mmu-miR-7225-5p,ACGUAGACUGUGUAGAAGCC,CGUAGAC
mmu-miR-7225-3p,CUUCUAGACAGCCUCUGCAGCA,UUCUAGA
mmu-miR-7226-5p,GCCAGGGAAGUUGAUUGUGUGAAGGG,CCAGGGA
mmu-miR-7226-3p,UGACACAGCCAUUCUCUGAGCAG,GACACAG
mmu-miR-7227-5p,UCUGAUGACUUUUUCAUUGA,CUGAUGA
mmu-miR-7227-3p,UCUGAAAAGGGUCAUCGGCAGA,CUGAAAA
mmu-miR-7228-5p,UGGCGACCUGAACAGAUGU,GGCGACC
mmu-miR-7228-3p,AGUGUUCGGUCUCCAGU,GUGUUCG
mmu-miR-7229-5p,UAGUAGACAUCCCUGGAUAGC,AGUAGAC
mmu-miR-7229-3p,UACACAGACCAGUGACUUUCUGCA,ACACAGA
mmu-miR-7230-5p,AGACUGCUGUUUCUCUGAGUGGC,GACUGCU
mmu-miR-7230-3p,UUGAGUUGAGACUGUCAGUAGGU,UGAGUUG
mmu-miR-7231-5p,UUGGGGAACACUGGGGCAUACC,UGGGGAA
mmu-miR-7231-3p,CUUGCUUCUUUGUUUCCCCAGAA,UUGCUUC
mmu-miR-7232-5p,UACAUGGAUGAUUGUUUUUCCAAG,ACAUGGA
mmu-miR-7232-3p,UGGUUGAAUUCGACUUUGGGGC,GGUUGAA
mmu-miR-7233-5p,AGUUAGGGACAGAUAGAUG,GUUAGGG
mmu-miR-7233-3p,UAUUGUCUGCCUUUAGGUCUAC,AUUGUCU
mmu-miR-7234-5p,UUGUUUUCUCCAAAGACGUUUCU,UGUUUUC
mmu-miR-7234-3p,AAACGUCUUUCUAGGGUAGAAGG,AACGUCU
mmu-miR-7235-5p,GGAGGGAGGGGUCUGGGC,GAGGGAG
mmu-miR-7235-3p,UCUGACUUCUUGCUUCUCUCCUC,CUGACUU
mmu-miR-7236-5p,CCUAAAACUGUGUGGUCCAAUGCC,CUAAAAC
mmu-miR-7236-3p,UUGGACCGCACAGAUUUAGACC,UGGACCG
mmu-miR-7237-5p,AUGGUAGCUUGUGACAGGACUGGC,UGGUAGC
mmu-miR-7237-3p,CAUCCUGUUGAGCUUACCGAGC,AUCCUGU
mmu-miR-7238-5p,AUGCGGAUGGGACGCGGC,UGCGGAU
mmu-miR-7238-3p,CUGUCCUUUGUGUUC,UGUCCUU
mmu-miR-7239-5p,GCCAUCCUGACAAAGCCCUU,CCAUCCU
mmu-miR-7239-3p,UGGCUCUGUCAGGCAGGUAG,GGCUCUG
mmu-miR-7240-5p,UUGGAGAGGACCGCCGUCGGA,UGGAGAG
mmu-miR-7240-3p,CGCCGUUGGUCCUCUCCAACA,GCCGUUG
mmu-miR-7241-5p,ACUUGCAUGAGUUAAUACCCACC,CUUGCAU
mmu-miR-7241-3p,UAGUAGAUACUCAUGGGAGAGC,AGUAGAU
mmu-miR-7242-5p,AUUGGGCUUGGGAGGUGCUUGU,UUGGGCU
mmu-miR-7242-3p,UGGCAGCUCGGCUCUACUCUGG,GGCAGCU
mmu-miR-7578,CAUGGCUCUGUCUUCUGCCUCAGA,AUGGCUC
mmu-miR-6546-5p,AGGCGCCUCUGAGCUUGUGCUUGU,GGCGCCU
mmu-miR-6546-3p,GAGCGAAGCCCAAGCGCCAGA,AGCGAAG
mmu-miR-7646-5p,ACAAGAGAACUGAUCAGUGCUG,CAAGAGA
mmu-miR-7646-3p,UCACUGGUCGCUCUCUUUCAC,CACUGGU
mmu-miR-7647-5p,AACUACCACCUCCUGGCCUUUU,ACUACCA
mmu-miR-7647-3p,AAGUCCAGGAGGUGGUAGUAC,AGUCCAG
mmu-miR-7648-5p,CCGCGUUCCGGGCUCGGCGC,CGCGUUC
mmu-miR-7648-3p,AGGGCUGGGCCCGGGACGCGG,GGGCUGG
mmu-miR-7649-5p,UGACAGCAGUGCUGUAGACAUG,GACAGCA
mmu-miR-7649-3p,UCUCUCCAGCACUGCUUGUUUCU,CUCUCCA
mmu-miR-7650-5p,AAUCCUCUUGCAACCCAGAACU,AUCCUCU
mmu-miR-7650-3p,GUUUUGAUAUAUACAAGAAGGA,UUUUGAU
mmu-miR-7651-5p,AAGUGGAAAGCCAGCCUGAGAU,AGUGGAA
mmu-miR-7651-3p,UCAGUUUGGUUUUUUUCCCCUUGA,CAGUUUG
mmu-miR-219b-5p,AGAUGUCCAGCCACAAUUCUCG,GAUGUCC
mmu-miR-219b-3p,AGAAUUGCGUUUGGACAAUCAGU,GAAUUGC
mmu-miR-7036b-5p,ACGCGGGGUUCUCUGUGGAAGC,CGCGGGG
mmu-miR-7036b-3p,UUCCUGGUGGGCCUCGGGGUCC,UCCUGGU
mmu-miR-7652-5p,UAAGGGCACAGGGAUUUCAGGC,AAGGGCA
mmu-miR-7652-3p,UCUGGCUUUCCUGUGGCUUCU,CUGGCUU
mmu-miR-7653-5p,UAAGGGGCGGACAGACAGACGG,AAGGGGC
mmu-miR-7653-3p,CCCCUACUGUUCCACCCCGCCU,CCCUACU
mmu-miR-7654-5p,GGAGUCGCGCUCCCGCUCGCGC,GAGUCGC
mmu-miR-7654-3p,CGAGCGGGAGCGCGCCUCGUCC,GAGCGGG
mmu-miR-7655-5p,CGGCCCACGGAGCUCCUAAAGA,GGCCCAC
mmu-miR-7655-3p,UUUAUGACGCUCCGUGGGCCUG,UUAUGAC
mmu-miR-7656-5p,UGUGGGAUCAGAUAGCCUGUUA,GUGGGAU
mmu-miR-7656-3p,ACAGGCUGUCUGAUCCCACGGU,CAGGCUG
mmu-miR-7657-5p,AAUAGUUGGAUAGUUAGGUAA,AUAGUUG
mmu-miR-7657-3p,UUCCUUGCUAUUCCCAACUUGGU,UCCUUGC
mmu-miR-7658-5p,UGUGGGCGUGGCGGUGCUGG,GUGGGCG
mmu-miR-7658-3p,ACCACCUUCCUCACCCACGCU,CCACCUU
mmu-miR-7659-5p,AGGAGCCGGCUCCAGAUUCCUG,GGAGCCG
mmu-miR-7659-3p,AGGAGUCAGCUUGUCGGUUCAUG,GGAGUCA
mmu-miR-7660-5p,UUUGCCCUGGCUUCAGAUCUCG,UUGCCCU
mmu-miR-7660-3p,AUCUGUAAGUGAUGGGCAAAGUA,UCUGUAA
mmu-miR-7661-5p,AAGAAAGAAACCUGGAGUUUAAAGU,AGAAAGA
mmu-miR-7661-3p,UUGACUCCCAGUUUCUCUCUGC,UGACUCC
mmu-miR-7662-5p,AGGGCUGAGGCCUGGAUCCAGC,GGGCUGA
mmu-miR-7662-3p,UGGAGCCAGGCGGAUCAGCCUUGC,GGAGCCA
mmu-miR-7663-5p,GCUGCUUGGUGAUCAUCCACUGU,CUGCUUG
mmu-miR-7663-3p,AGUGUGGAUCAUAAGGAGCUCC,GUGUGGA
mmu-miR-7664-5p,CAGUUUACCUGUCUAUGAGAU,AGUUUAC
mmu-miR-7664-3p,UCUCUUAGGCUGGGUUAACUAAU,CUCUUAG
mmu-miR-7665-5p,AAGGGAAGGCAGGAGAAAGGCUG,AGGGAAG
mmu-miR-7665-3p,AGCCAGGUCCCUGUCCCCUACA,GCCAGGU
mmu-miR-7666-5p,GUAGCCCGGGCGGUGCUUCCCC,UAGCCCG
mmu-miR-7666-3p,GAUGCAGCGCACGGGCGAG,AUGCAGC
mmu-miR-7667-5p,GAGCCAUCUCUCUAGCCCCUGA,AGCCAUC
mmu-miR-7667-3p,AGGGACUGCAGAGAUGGCACUG,GGGACUG
mmu-miR-7668-5p,CACUCUGAAUAACCUGCUCUCUGU,ACUCUGA
mmu-miR-7668-3p,CGGUGCAGGGGAUUCAGAGGAG,GGUGCAG
mmu-miR-7669-5p,AGUACCACCAUACACAGCUUUUG,GUACCAC
mmu-miR-7669-3p,GAGCUGGGUGUGGUGGCACAUGC,AGCUGGG
mmu-miR-7670-5p,AUUCAGAUGGGCAGAUUGGGAA,UUCAGAU
mmu-miR-7670-3p,UUCCCUUUCUGAAUAUCUGUAGA,UCCCUUU
mmu-miR-7671-5p,AGGCUCCGCUCUGGCUAGCUUCC,GGCUCCG
mmu-miR-7671-3p,AAGCGGGCAGGCGGAGAACCAC,AGCGGGC
mmu-miR-7672-5p,CGGUGGACUUGACAGCGGGCGA,GGUGGAC
mmu-miR-7672-3p,UCGGCUGCCAGGUUCAUGUGG,CGGCUGC
mmu-miR-7673-5p,UUUGACUGAGAGGUAAGGAAUG,UUGACUG
mmu-miR-7673-3p,UUCCUUACCUCACCGUCAAAGGA,UCCUUAC
mmu-miR-3569-5p,UCGGAGGAGAGCAGACCGGUG,CGGAGGA
mmu-miR-3569-3p,UCAGUCUGCGCUCCUCUCCAGC,CAGUCUG
mmu-miR-7674-5p,UGAGGUGUGGGCAGCAUGAGGACU,GAGGUGU
mmu-miR-7674-3p,UCCCAUUCUCACCGCACCCAG,CCCAUUC
mmu-miR-7675-5p,CUUACGAAAGAAUGAAGAGCAA,UUACGAA
mmu-miR-7675-3p,UGUUUCAUUUGUUCGUGACUC,GUUUCAU
mmu-miR-7676-5p,AGGGCAGUAUGAUGGCCUCUGAU,GGGCAGU
mmu-miR-7676-3p,UCCGGUGCUCACUCUGCCCACA,CCGGUGC
mmu-miR-129b-5p,GCUUUUUGGGGUAAGGGCUUCC,CUUUUUG
mmu-miR-129b-3p,CAAGCCCAGACCGCAAAAAGAUU,AAGCCCA
mmu-miR-292b-5p,ACUCAAAACCUGGCGGCACUUUU,CUCAAAA
mmu-miR-292b-3p,AAGAGCCCCCAGUUUGAGUAU,AGAGCCC
mmu-miR-1191b-5p,UCAGGCUACAGAGCGAGAACCU,CAGGCUA
mmu-miR-1191b-3p,AGACUCACUAUGUAGCCCAAGC,GACUCAC
mmu-miR-7677-5p,AGUGGUGAGCAGAAAGCAGCCGCGG,GUGGUGA
mmu-miR-7677-3p,CCGGCUGUGUCCUCUCACCUAGG,CGGCUGU
mmu-miR-7678-5p,UUACAAGGGCUGGAUAGGAAU,UACAAGG
mmu-miR-7678-3p,UUUCCUUACUUUCUCUUGUAGC,UUCCUUA
mmu-miR-7679-5p,AGGCUGGCACCAGGAUCCCU,GGCUGGC
mmu-miR-7679-3p,CAGGAUCCCAGGGUACCAACCAGC,AGGAUCC
mmu-miR-7680-5p,AUUCCAGUGAACAAGCAGUU,UUCCAGU
mmu-miR-7680-3p,ACUGCUUGUUCACUGGAAUAGG,CUGCUUG
mmu-miR-6715-5p,ACAGGCACCACAGGUUUGAGCAU,CAGGCAC
mmu-miR-6715-3p,CCAAACCAGGCGUGCCUGUGG,CAAACCA
mmu-miR-3620-5p,CUGUGGGCUGGGCUGGGAAGCA,UGUGGGC
mmu-miR-3620-3p,CUGCUCAGCCCCGCCCACCCCA,UGCUCAG
mmu-miR-465d-5p,UAUUUAGAAUGGUACUGAUGUGA,AUUUAGA
mmu-miR-465d-3p,UGAUCAGGGCCUUUCUGAGUAA,GAUCAGG
mmu-miR-7681-5p,AUCCUGUCCUUGCCCUCUCU,UCCUGUC
mmu-miR-7681-3p,AGAAAGGGCACUGACAGGAUAG,GAAAGGG
mmu-miR-7682-5p,AGGCACGACUCUUGCCACAGAAAC,GGCACGA
mmu-miR-7682-3p,CCUGUGGGUUGGGUUGGCUUU,CUGUGGG
mmu-miR-7683-5p,UUCCGUGUUUCGUCUGACCACU,UCCGUGU
mmu-miR-7683-3p,UGGAAAGGUGGAACACGGAAC,GGAAAGG
mmu-miR-216c-5p,GAAGAAUCUCUACAGGUAAGUGU,AAGAAUC
mmu-miR-216c-3p,UUUGCCUGCAGAGAUUUCCCAGU,UUGCCUG
mmu-miR-7684-5p,UCUGGGAAGCCUGGGCAGCAG,CUGGGAA
mmu-miR-7684-3p,UGCUGACUGGGGCUGGCCUGUG,GCUGACU
mmu-miR-219c-5p,GGACGUCCAGACGCAACUCUCG,GACGUCC
mmu-miR-219c-3p,CGAGAAUUGCGUUUGGACAAUC,GAGAAUU
mmu-miR-126b-5p,AUUAUUACUCACGGUACGAGUU,UUAUUAC
mmu-miR-126b-3p,CGCGUACCAAAAGUAAUAAUGUG,GCGUACC
mmu-miR-7685-5p,ACCUUCCGGUUUCUUCAAGUCUCC,CCUUCCG
mmu-miR-7685-3p,AGACUUGGCUUCCGGCUGGAG,GACUUGG
mmu-miR-7686-5p,CCUUCCACUGGACCUGGGGCUGGGC,CUUCCAC
mmu-miR-7686-3p,CUGCUCGGGGCACUGUAAGAGA,UGCUCGG
mmu-miR-290b-5p,GCUUAAAACUAGGCGGCACUUU,CUUAAAA
mmu-miR-290b-3p,AAGUGCCCCCAUAGUUUGAGUA,AGUGCCC
mmu-miR-7687-5p,AGGCGGGGAACCUGAGGCGCAGGCU,GGCGGGG
mmu-miR-7687-3p,CCACUCAGUCGCCCCGCCACA,CACUCAG
mmu-miR-1258-5p,UGCUGAGCUAAUUCCCUAACUG,GCUGAGC
mmu-miR-1258-3p,UUAGGGAAUUAGCUCAGCAGUA,UAGGGAA
mmu-miR-7688-5p,UAGCUGGGCAUGAUCUGAUGAGC,AGCUGGG
mmu-miR-7688-3p,UCUGGCUUAUGCCUAGCUUUC,CUGGCUU
mmu-miR-7689-5p,CCGAGGCAGCCUGGCUUAG,CGAGGCA
mmu-miR-7689-3p,UUAGAGCCAGACUGCCUGGGUUU,UAGAGCC
mmu-miR-7243-5p,UGCUGUCAGCUGUUCUGAGU,GCUGUCA
mmu-miR-7243-3p,UCAGAACAGCUGACAGCAGU,CAGAACA
mmu-miR-3473f,CAAAUAGGACUGGAGAGAUG,AAAUAGG
mmu-miR-8090,GAAGCGCAGUGGAGGUCUGU,AAGCGCA
mmu-miR-8091,AGGAGUGAGUGGUAAGCUGGUG,GGAGUGA
mmu-miR-8092,GCCAUCUGGGACUCGCAGGCA,CCAUCUG
mmu-miR-8093,UUGGGGAGCAGAGCAUGAGUG,UGGGGAG
mmu-miR-8094,AACUGAAGGACAACGAGAAGA,ACUGAAG
mmu-miR-8095,AAAGGAUUCUGCUGUCUGUCCC,AAGGAUU
mmu-miR-1291,AUGGCUCUUACUGAAGACUAGCAGUU,UGGCUCU
mmu-miR-8096,GGGCACGGUAGCUGAAGAGU,GGCACGG
mmu-miR-8097,AACAAGGAAAAUGUCCGGGCUG,ACAAGGA
mmu-miR-8098,GCUAUGGUCGCUGGCUCCCAA,CUAUGGU
mmu-miR-8099,CCAAGGCGUGGGAAAGGUUGU,CAAGGCG
mmu-miR-142b,UCCAUAAAGUAGGAAACACU,CCAUAAA
mmu-miR-8100,AGGAGGAAAGGGAGCAAGCAGGU,GGAGGAA
mmu-miR-497b,CACCACAGUGUGGUUUGGACGUGG,ACCACAG
mmu-miR-8101,GGCGAGCGGAGCCGGAGGAGCC,GCGAGCG
mmu-miR-8102,UCACGCGGGGGAACGAGGAAGA,CACGCGG
mmu-miR-8103,UCUCCUGUUCUCUGUUCUCCC,CUCCUGU
mmu-miR-8104,CAGGAUGAGGUGGAGUGCAGCG,AGGAUGA
mmu-miR-8105,AGGCGACUGGCGAGACCCGAAG,GGCGACU
mmu-miR-3535,UGGAUAUGAUGACUGAUUACCUGAGA,GGAUAUG
mmu-miR-8106,UGACUCUGUACAUGGCAUUUAU,GACUCUG
mmu-miR-8107,UGGAAACUAGUGGCUGGGACA,GGAAACU
mmu-miR-8108,UCUGGGGAGGAGCGUAGUUACA,CUGGGGA
mmu-miR-1668,CAAAGGCCUCCUUCUCUGCAG,AAAGGCC
mmu-miR-8109,GCGCCGCGUGCCGGCCGCGGG,CGCCGCG
mmu-miR-8110,AAGCGUGGAUUGGGGGGGGGG,AGCGUGG
mmu-miR-8111,ACCGGGCAUGGUAGUGUACAC,CCGGGCA
mmu-miR-8112,UCUCCGCCACCUCCACCGCA,CUCCGCC
mmu-miR-8113,CAGGAGAGUCAGGGGCAAGUAG,AGGAGAG
mmu-miR-8114,UCACCCAUCUCCUCUCCGCCU,CACCCAU
mmu-miR-8115,CCGCAAUAGCAACAAGGGCUCU,CGCAAUA
mmu-miR-8116,AAGGAUCCGGGGCUAGUUGGC,AGGAUCC
mmu-miR-8117,GCUCGUGUGGAACAGAAGGGG,CUCGUGU
mmu-miR-8118,GACAAACAUGACUAUGCUGACA,ACAAACA
mmu-miR-8119,GAGGAGAGGGAGCUAGGGUC,AGGAGAG
mmu-miR-8120,UGUGCCUUGCAACUUCCGAGCC,GUGCCUU
mmu-miR-3473g,CAAAAGUGAGGCUGGGGAGA,AAAAGUG
mmu-miR-3154,CAGAAGGGGAGUCGGGAGCGGA,AGAAGGG
mmu-miR-3552,AGGCUGCAGGCCCACUUCCCU,GGCUGCA
mmu-miR-3618-5p,UGUGAUUUCCAAUAAUUGAGGC,GUGAUUU
mmu-miR-3618-3p,CUACAUUAAUGAAAAGAGCAAU,UACAUUA
mmu-miR-935,CCCAGUUACCGCUUCCGCUACCGC,CCAGUUA
mmu-miR-9718,UUGCUGACCUGGGUGGUGGU,UGCUGAC
mmu-miR-9768-5p,UGGCACUCGGAGGACGGCACUGU,GGCACUC
mmu-miR-9768-3p,ACUGCCUUCCUUUGUGUGGCCCAG,CUGCCUU
mmu-miR-9769-5p,AGGCACAGAAUUAGGCCCGACC,GGCACAG
mmu-miR-9769-3p,UAGGGUCUGUUCUGUGUCCUCC,AGGGUCU
mmu-miR-1271-5p,CUUGGCACCUGGUAAGCACUCA,UUGGCAC
mmu-miR-1271-3p,AGUGCCUACUGUGUGCCAAGACA,GUGCCUA
mmu-miR-1911-5p,UGAGUACAGCCAUGUCUGUUGGG,GAGUACA
mmu-miR-1911-3p,CACCAGGCAUUGUGGUCUCUGC,ACCAGGC
mmu-miR-5104b-5p,UGGGCCAUCUCUUUAGUCCAGA,GGGCCAU
mmu-miR-12178-5p,UAUGGGUGGCUGGUCUCAGAAGAG,AUGGGUG
mmu-miR-12178-3p,UUUCUGACUCAGCCACCUGAGA,UUCUGAC
mmu-miR-12179-5p,UCUCUGUCCUCCAGUUCUG,CUCUGUC
mmu-miR-12180-3p,AGGAGCUGUGGACACUUG,GGAGCUG
mmu-miR-12181-5p,UUGAGGGUGCAUAAGGACUGGA,UGAGGGU
mmu-miR-12181-3p,UCCAGGCCUCUUGCUCUCUCA,CCAGGCC
mmu-miR-12182-5p,ACAGCGCCAGCUGCCUAAUUGA,CAGCGCC
mmu-miR-12182-3p,UAAUUAGGCUCUGGAUCUGUGA,AAUUAGG
mmu-miR-12183-5p,GCUUCUUCUCUGUCCUGA,CUUCUUC
mmu-miR-203b-5p,AGUGGUCCUAAACAUUUCAC,GUGGUCC
mmu-miR-203b-3p,UUGAACUGUCAAGAACCACUGG,UGAACUG
mmu-miR-12184-5p,CUUGCAUGUGGGCCUGUGUGCU,UUGCAUG
mmu-miR-12184-3p,ACAGACGGGCUCUCAUGCUGA,CAGACGG
mmu-miR-9b-5p,UUCGGUUAUCUAGCUUUAUGA,UCGGUUA
mmu-miR-9b-3p,AUACAGCUAGAUAACCAAAGA,UACAGCU
mmu-miR-12185-5p,CUUGGGGGCAGAGGUGGCACGGUGU,UUGGGGG
mmu-miR-12185-3p,UCAGCCACUGUGUCCCCUCCUU,CAGCCAC
mmu-miR-12186-5p,AGGGACUCAGGCCUCUGUUGG,GGGACUC
mmu-miR-12186-3p,AGCAGCUGGCCUGUGUCCCUG,GCAGCUG
mmu-miR-12187-5p,UAAGGGGAGAGGUGUGGUGUAG,AAGGGGA
mmu-miR-12187-3p,UUCAUUCACCUCUGCUCUUGC,UCAUUCA
mmu-miR-1970b-5p,UAUGUCACUGGGCAUUGGCUUUGA,AUGUCAC
mmu-miR-12188-5p,UAGAAGAGCUUUCGCUGGCCCAGA,AGAAGAG
mmu-miR-12188-3p,UGGACAGCAGUACCCCAGCCCCUCUGC,GGACAGC
mmu-miR-3083b-5p,AAGGCUGGGAAUGUUUCGGAGA,AGGCUGG
mmu-miR-3083b-3p,UCUCUGAAAUAUUCCCAGCCUU,CUCUGAA
mmu-miR-12189-3p,AUGGCCUGUACUCUCACACU,UGGCCUG
mmu-miR-12190-3p,UGGAGAACUCUGGGGGAG,GGAGAAC
mmu-miR-12191-5p,ACCGUGGGGCGAACGGAGCG,CCGUGGG
mmu-miR-12191-3p,CCCAUGGAGCUGUAGGAGCCG,CCAUGGA
mmu-miR-122b-5p,UUUAGUGUGAUAAUGGCGUUUG,UUAGUGU
mmu-miR-122b-3p,AAACACCAUUGUCACACUCCAC,AACACCA
mmu-miR-12192-5p,UGUGGGGUAUAGCUAGAAAGA,GUGGGGU
mmu-miR-12193-5p,UGGGUGACUGGAAAGGACAAGC,GGGUGAC
mmu-miR-12193-3p,ACCGGUCCUUUCUGUCCCCAG,CCGGUCC
mmu-miR-124b-3p,UCAAGGUCCGCUGUGAACACGG,CAAGGUC
mmu-miR-12194-3p,UCUGUGGGUCUGUUUGUCCGUC,CUGUGGG
mmu-miR-12195-5p,UGGGUAUAACAGUCUUGGCUGG,GGGUAUA
mmu-miR-12195-3p,CAGACAAGACUGUUAUACCC,AGACAAG
mmu-miR-3473h-5p,UAGGGGCUGGAAAGGUGACU,AGGGGCU
mmu-miR-12196-5p,UCCUUUCUAGCUCACCUGUGACU,CCUUUCU
mmu-miR-12196-3p,UCACAGGUGAGCUAGAAAGUAU,CACAGGU
mmu-miR-12197-3p,GCGGGGCUGGGGACAUCG,CGGGGCU
mmu-miR-12198-3p,GACUCAGGAGGACUGCCGG,ACUCAGG
mmu-miR-12199-3p,ACACUGGUUCUCUCUGGCUCU,CACUGGU
mmu-miR-12200-5p,AAACAAACCAGAGGCUCACACU,AACAAAC
mmu-miR-12200-3p,UGUGAAUCUCCGGCGCGUUU,GUGAAUC
mmu-miR-12201-5p,UGGAAGGAUGCCUCUUGCAGA,GGAAGGA
mmu-miR-12201-3p,UCUGCAGAGGCUUCCUUGGCU,CUGCAGA
mmu-miR-12202-5p,UGGUGCCUGGAUUGGAGGAUGAGA,GGUGCCU
mmu-miR-12202-3p,UCUUCUCUUUCCAGUCAUCAGC,CUUCUCU
mmu-miR-12203-5p,UGCCGGAGGGAUCGAUUGCUU,GCCGGAG
mmu-miR-12203-3p,AUGGAAUCUCUCCCUCUGGUCU,UGGAAUC
mmu-miR-12204-5p,UUGAGUCUUAGAUGAGUG,UGAGUCU
mmu-miR-1970c-5p,UGUGUCACUGGGGUUAUGCUUUG,GUGUCAC
mmu-miR-1970c-3p,AAGCCGGGCCUAGUGACUCUCU,AGCCGGG
mmu-miR-12205-5p,UGUGUUUCCCAGUUGGUUUGA,GUGUUUC
mmu-miR-12205-3p,AAACCAACUGGGAAACACAAAU,AACCAAC
mmu-miR-12206-5p,UACUAUGCCUGGAAGGCACCA,ACUAUGC
